total_outlayed_amount,awarding_agency_name,BAC,BRK.B,CMCSA,COST,CRM,CSCO,DIS,GOOGL,HD,INTC,JNJ,JPM,KO,LLY,MA,MCD,META,MRK,MSFT,NFLX,NGL,NSRGY,NVDA,ORCL,PEP,PFE,PG,T,TMO,UNH,V,WFC,WMT,AAPL,ABT,ACN,ADBE,AMD,AMZN,BA,TSLA,VZ,XOM
106630.4,Department of State,-0.0007507507507508,0.0006615214994487,0.0096153846153845,0.0192653304181593,0.0245985170608287,0.0041896781565415,0.0012988418660029,0.0085900110443,0.0149977944419938,0.0420017873100984,0.0010029461543283,-0.0008533636751528,0.0024634110998407,0.0170525378450578,0.0117239975575005,0.0034901113511716,0.0138684633537398,-0.0006446265770329,0.0126239195194608,0.0282653293822658,0.0388768898488121,-0.0049240869922035,0.040479173191356,0.0258869212213921,0.0191974164224626,-0.0006849315068493,0.006223073240785,0.0036730945821854,-0.0056775486348834,-0.003392967304133,0.0042733481865662,0.0024492652204339,0.0077117572692793,0.0184040777662501,0.0112032462949893,0.0100336322869953,0.018345988097681,0.0107036322161784,0.0106194690265486,-0.0080815855301135,0.0152389652451936,0.0038777372262772,-0.0265613783201722
499998.0,Department of State,-0.0054739985070912,-0.002127659574468,-0.0072463768115941,-0.0170168298317017,0.0078146707418726,-0.0003734129947722,-0.0065170940170939,0.0013591993080439,-0.0146850289614728,-0.010230179028133,-0.0008714596949892,-0.0027176459563301,-0.0045996837717405,-0.0098397373170677,-0.0038603860386038,0.0006911759865715,-0.0113122555079506,-0.0078897252199147,-0.0038806113160542,0.0039316497807349,-0.002079002079002,0.0012311480455524,0.0162834526950621,-0.0161534578495708,0.0026080908774777,-0.0281550182179529,-0.001890470845395,-0.032375740994072,-0.0091113892365457,0.0109603869963803,0.0019499512512188,0.0036496350364962,-0.0098258706467662,-0.0021782695826435,-0.0028460543337645,-0.010983893941054,0.0192074158031088,-0.0399953221845398,0.0079926553977427,-0.0184106580973422,-0.0094586185438705,-0.0262978916345498,0.0086002129576541
80000.0,Department of State,0.0054879503698401,0.0058698204269751,0.0033357159876101,0.0054509081100522,-0.0112810314085858,-0.0035010134512623,-0.0078972307044329,0.0030310378273521,0.0003851523759086,-0.0332764505119453,0.0154702970297029,0.0041087231352718,0.0,-0.0174177792600401,0.0011250148028263,0.0112961528530854,-0.0070288946851393,0.0167745464490838,-0.000954335067042,-0.0098457223001402,-0.0399999999999999,-0.0035834954438416,-0.0468602882595784,-0.0115262321144674,-0.0011357183418511,0.0123796423658872,0.0061445713291983,0.0117591721542802,-0.0054157902582023,-0.0811199207135778,-0.004952258800057,0.0139961389961391,0.0169385975837588,0.0110246433203631,-0.0102345415778252,0.0111354909489851,-0.0031786520160894,-0.0522175833484602,0.0007998293697344,0.0225518491173903,0.0018707793392955,0.0127344292660338,-0.0300612508059316
18651550.0,Department of State,0.0156620787850023,0.0065055762081784,0.0033246259795773,-0.0080817339399291,0.0087046991503381,0.0425295857988166,0.0268520483973677,-0.0018131270397679,0.0072910149670339,-0.0154457193292145,0.0010968921389398,0.0056207563289716,0.003269832243389,0.0033942101344544,0.0134850068016483,-0.0013403970128293,-0.0161700240503522,-0.0099524791535909,-0.006256865835602,-0.0056375534717697,0.0,-0.0057542129058774,0.0313069908814589,0.0039060256189327,-0.0080727686185333,0.0078125,-0.0068560235063662,0.0092980009298,-0.0149370545527209,0.0270542343022526,0.0294675785026314,0.0136442963668095,-0.00526638089406,-0.0088518280949325,0.0152520465316674,0.0097650952096781,-0.0108064484380843,-0.0032558733401429,-0.004262347487879,0.0167377748605186,0.0080156669854716,0.0038866026520345,0.0025758205234731
78593.54,Department of State,-0.0065727699530516,-0.0022539444027047,-0.0071039545346909,0.0048232782478057,0.0062862835354333,0.0063829787234042,0.0076652164905737,0.0030074265021786,-0.0014436958614052,0.0147058823529411,0.0039520885267829,0.0042331343017556,0.0077253218884119,0.0009268143754361,0.0050218000622859,0.005910390848427,-0.000797323765448,-0.0095671981776764,0.0034555576886159,0.1108703555587871,0.0,0.0036429872495447,0.0078142116409845,-0.0056352459016394,0.002232781817141,-0.0017082336863682,-0.0058045042953331,0.0055223193741371,0.0041051314142679,0.0063247531049592,0.0007920382933297,-0.0003106554830691,0.0051922363703795,0.0122765453370665,0.0127237255068284,0.0045581767293083,-0.0038846285449751,-0.001792,0.0077854209993069,-0.0019960079840319,-0.0008601566390511,0.0031927023945268,-0.0028250934773575
239735.81,Department of State,0.0129310344827586,-0.0058385039641504,0.0250431778929187,0.007578064210562,-0.0101616945312232,0.0001767096660187,0.0012419788863589,0.0065216066313158,-0.0111958661417321,-0.0192644483362522,0.0038076521525516,0.0050224215246637,0.0,0.0033328551090903,-0.0038640026407253,-0.00063514243069,0.0119097294665833,0.0028211397404551,0.0208462677300731,-0.0101415674744518,0.0047846889952154,-0.011841445057702,-0.0008350149606847,0.0089203499079191,-0.0036569338894919,-0.003110957483581,0.0009437300931933,-0.0073868882733149,-0.0150998538723818,-0.0028172957460583,-0.0071814537214571,0.0123398937831928,0.0149733943818832,-0.0026217861975641,-0.0074365330370116,-0.0112756960880779,-0.0092423298708081,-0.0241291956934769,0.00333209922251,0.0003754223501439,-0.0040210189627598,-0.0503432494279176,0.0051632245169888
70045.36,Department of State,0.0129310344827586,-0.0058385039641504,0.0250431778929187,0.007578064210562,-0.0101616945312232,0.0001767096660187,0.0012419788863589,0.0065216066313158,-0.0111958661417321,-0.0192644483362522,0.0038076521525516,0.0050224215246637,0.0,0.0033328551090903,-0.0038640026407253,-0.00063514243069,0.0119097294665833,0.0028211397404551,0.0208462677300731,-0.0101415674744518,0.0047846889952154,-0.011841445057702,-0.0008350149606847,0.0089203499079191,-0.0036569338894919,-0.003110957483581,0.0009437300931933,-0.0073868882733149,-0.0150998538723818,-0.0028172957460583,-0.0071814537214571,0.0123398937831928,0.0149733943818832,-0.0026217861975641,-0.0074365330370116,-0.0112756960880779,-0.0092423298708081,-0.0241291956934769,0.00333209922251,0.0003754223501439,-0.0040210189627598,-0.0503432494279176,0.0051632245169888
1130000.0,Department of State,0.0129310344827586,-0.0058385039641504,0.0250431778929187,0.007578064210562,-0.0101616945312232,0.0001767096660187,0.0012419788863589,0.0065216066313158,-0.0111958661417321,-0.0192644483362522,0.0038076521525516,0.0050224215246637,0.0,0.0033328551090903,-0.0038640026407253,-0.00063514243069,0.0119097294665833,0.0028211397404551,0.0208462677300731,-0.0101415674744518,0.0047846889952154,-0.011841445057702,-0.0008350149606847,0.0089203499079191,-0.0036569338894919,-0.003110957483581,0.0009437300931933,-0.0073868882733149,-0.0150998538723818,-0.0028172957460583,-0.0071814537214571,0.0123398937831928,0.0149733943818832,-0.0026217861975641,-0.0074365330370116,-0.0112756960880779,-0.0092423298708081,-0.0241291956934769,0.00333209922251,0.0003754223501439,-0.0040210189627598,-0.0503432494279176,0.0051632245169888
134915.91,Department of State,0.0129310344827586,-0.0058385039641504,0.0250431778929187,0.007578064210562,-0.0101616945312232,0.0001767096660187,0.0012419788863589,0.0065216066313158,-0.0111958661417321,-0.0192644483362522,0.0038076521525516,0.0050224215246637,0.0,0.0033328551090903,-0.0038640026407253,-0.00063514243069,0.0119097294665833,0.0028211397404551,0.0208462677300731,-0.0101415674744518,0.0047846889952154,-0.011841445057702,-0.0008350149606847,0.0089203499079191,-0.0036569338894919,-0.003110957483581,0.0009437300931933,-0.0073868882733149,-0.0150998538723818,-0.0028172957460583,-0.0071814537214571,0.0123398937831928,0.0149733943818832,-0.0026217861975641,-0.0074365330370116,-0.0112756960880779,-0.0092423298708081,-0.0241291956934769,0.00333209922251,0.0003754223501439,-0.0040210189627598,-0.0503432494279176,0.0051632245169888
14703.0,Department of State,0.0129310344827586,-0.0058385039641504,0.0250431778929187,0.007578064210562,-0.0101616945312232,0.0001767096660187,0.0012419788863589,0.0065216066313158,-0.0111958661417321,-0.0192644483362522,0.0038076521525516,0.0050224215246637,0.0,0.0033328551090903,-0.0038640026407253,-0.00063514243069,0.0119097294665833,0.0028211397404551,0.0208462677300731,-0.0101415674744518,0.0047846889952154,-0.011841445057702,-0.0008350149606847,0.0089203499079191,-0.0036569338894919,-0.003110957483581,0.0009437300931933,-0.0073868882733149,-0.0150998538723818,-0.0028172957460583,-0.0071814537214571,0.0123398937831928,0.0149733943818832,-0.0026217861975641,-0.0074365330370116,-0.0112756960880779,-0.0092423298708081,-0.0241291956934769,0.00333209922251,0.0003754223501439,-0.0040210189627598,-0.0503432494279176,0.0051632245169888
248988.02,Department of State,0.0009456264775415,-0.0018203489002057,0.0001203514261642,0.0063570940917077,-0.0135261679325772,-0.0056537102473498,-0.0051684928674798,-0.0142909046869321,-0.0054995645141222,-0.0187499999999999,0.0147445702049557,-0.0031679457433517,-0.0207343412526997,-0.0064895781774184,0.0013839616389226,-0.0512250150942197,-0.0314771223862131,-0.0024381095273818,-0.0068068583191035,-0.0195619177221815,-0.0047619047619048,-0.0013201990453944,-0.0280660213106762,-0.0126062403741943,-0.0081436026839479,0.0006934812760055,-0.0007071302298171,0.0460465116279069,-0.0168661959821275,-0.0091601445969186,-0.0036167000245795,-0.0038574294090417,0.0152401853206534,-0.0216229966929535,0.0076644850155012,-0.0031200408832944,-0.016385796272637,-0.0076578622882731,-0.0263046916183447,-0.0176382286715035,-0.0198192411799789,0.0327710843373494,-0.0035625517812759
3702.0,Department of State,0.0073216816249408,-0.0061657367404095,0.0024067388688326,-0.0063947863029237,0.0081918222409731,-0.005685856432125,-0.008728179551122,-0.0003685956505713,0.0076068461615455,0.016378525932666,-0.0132039069094418,0.0070274383420616,-0.0104396412292311,-0.0132078605037364,-0.0060537636501664,0.0100813879492245,0.0072557611453101,-0.0047001316036848,0.0003061705134244,0.0070199789133713,0.0047846889952154,-0.0062029692902175,0.006090570364001,0.0073945696129404,-0.0045677941601618,-0.0076230076230076,0.0002358768722725,-0.012894619831036,-0.0331488837620774,-0.0067830830263531,-0.0019030166337749,0.0134758364312268,-0.0027620991953883,-0.000823366267984,-0.0040167507050679,-0.0172678952054609,-0.004453332783539,0.0034660911647375,0.0090411997184776,-0.01184260792054,0.2191902644512053,-0.0233317778814745,-0.0056539452897645
13500.0,Department of State,0.0174265934590593,0.0098676240611441,0.0043206913106099,-0.0002917349251587,0.0113957171383323,-0.0082526013634732,0.0123119015047878,0.0087735221153264,0.0099771878368553,0.0105820105820106,0.0044753853804078,0.0143493320138545,-0.0037358039450089,0.0032373697770806,0.0016753390097761,0.0142852260688288,0.0085651984300043,0.0024043085208693,-0.0036435828564755,-0.0073673610006889,-0.0354609929078014,0.0019515201314708,-0.0072064434082237,-0.006339326878746,-0.0113510681646195,0.0144112478031634,0.0064201640708596,0.0128263857077417,-0.0033190230527797,0.0012044778234379,0.0087317644553295,0.0167364016736402,0.0029087383347472,0.008599455511862,-0.001313255121695,0.0014412416851441,-0.0055403952699909,0.023619023234974,0.0029814193685777,-0.027869169730985,-0.0248151862996396,0.0057999033349442,-0.0049376516863335
791859.54,Department of State,-0.0021116846550913,-0.0084407511614211,0.0054971319311662,-0.0044558678279609,0.0174286006059161,0.0072358900144717,-0.0007276507276507,0.0177543186180422,-0.0194097644518355,-0.0008726003490402,-0.0093440594059405,-0.0115299334811529,-0.0166491675416229,0.008921493093938,-0.003797642706755,-0.0060312005121466,0.0261519302615194,-0.0047970833733089,0.0125647577299046,0.0137761640324647,-0.0147058823529413,-0.0198872373141978,0.0051949900370054,0.0058577891195918,-0.0137776731040979,-0.0138600138600137,-0.0125812167749558,0.0031659882406152,-0.0086328591595178,-0.0055020876088033,-0.0081283648263486,-0.004724889498552,-0.0126888217522658,0.0011568123393315,-0.0058735863943191,0.0047603232591608,0.0090429070347579,0.0395822911455727,0.0129518551940126,0.0151967615634747,-0.0113900422841034,-0.0069678039404132,-0.0136248948696383
904060.0,Department of State,-0.0021116846550913,-0.0084407511614211,0.0054971319311662,-0.0044558678279609,0.0174286006059161,0.0072358900144717,-0.0007276507276507,0.0177543186180422,-0.0194097644518355,-0.0008726003490402,-0.0093440594059405,-0.0115299334811529,-0.0166491675416229,0.008921493093938,-0.003797642706755,-0.0060312005121466,0.0261519302615194,-0.0047970833733089,0.0125647577299046,0.0137761640324647,-0.0147058823529413,-0.0198872373141978,0.0051949900370054,0.0058577891195918,-0.0137776731040979,-0.0138600138600137,-0.0125812167749558,0.0031659882406152,-0.0086328591595178,-0.0055020876088033,-0.0081283648263486,-0.004724889498552,-0.0126888217522658,0.0011568123393315,-0.0058735863943191,0.0047603232591608,0.0090429070347579,0.0395822911455727,0.0129518551940126,0.0151967615634747,-0.0113900422841034,-0.0069678039404132,-0.0136248948696383
422182.07,Department of State,-0.0051728191864566,0.0007478773481148,0.0040408842405514,-0.0089065265673795,-0.0083308240489812,-0.0016163793103447,-0.0109227088317902,0.028170674210278,-0.00645455235781,-0.0262008733624453,0.0032481729027422,0.0067743382682816,0.0054911531421597,-0.0628057283251067,0.0146361697084618,-0.0117966101694916,-0.0024946062567422,0.0106044538706255,0.001342748003241,-0.0075055303908143,0.0149253731343284,-0.0070076351846041,-0.0135575221238937,0.0065155970708643,-0.0077014925373133,0.0021082220660575,-0.0060417539032122,-0.0072137060414788,0.0052029136316338,0.0014765267820611,0.0293742017879949,0.0016845329249617,-0.0037943696450428,-0.0152779560919245,0.0092592592592593,-0.0453669017188189,0.0026576567296401,-0.1061654135338345,0.009956505790494,0.0085632108772388,-0.0075909371146731,-0.0012097749818532,-0.0050306957708049
3762162.58,Department of State,-0.0115811864807374,-0.0088799015298047,0.0338541666666667,-0.0055853211844066,-0.0169703103913629,-0.0147508544702285,0.0117795540597391,-0.0192021093660437,0.0031335982879854,-0.0349775784753363,-0.0046696967810223,-0.0110957622209348,-0.0092536407766989,-0.0201811461568437,-0.0274484611341472,0.0020238748627883,-0.0409259885096314,-0.0239435276161404,-0.060527593461725,0.0030381829277998,-0.0196078431372549,-0.0044238466399831,-0.0471884307603976,-0.0384967919340054,-0.0007821430720172,-0.0077138849929873,-0.005897929706307,0.0236148955495003,-0.0078093785187606,0.002735540713372,-0.001068376068376,-0.0074912092952147,0.006880452143998,-0.0182094741416775,-0.0094364351245085,-0.0050494849525348,-0.0176707487466096,-0.0304845222072678,-0.0328438748508275,-0.0322768811977444,-0.0298971073577947,0.0205910852713178,0.0007712743165653
1632090.0,Department of State,-0.0115811864807374,-0.0088799015298047,0.0338541666666667,-0.0055853211844066,-0.0169703103913629,-0.0147508544702285,0.0117795540597391,-0.0192021093660437,0.0031335982879854,-0.0349775784753363,-0.0046696967810223,-0.0110957622209348,-0.0092536407766989,-0.0201811461568437,-0.0274484611341472,0.0020238748627883,-0.0409259885096314,-0.0239435276161404,-0.060527593461725,0.0030381829277998,-0.0196078431372549,-0.0044238466399831,-0.0471884307603976,-0.0384967919340054,-0.0007821430720172,-0.0077138849929873,-0.005897929706307,0.0236148955495003,-0.0078093785187606,0.002735540713372,-0.001068376068376,-0.0074912092952147,0.006880452143998,-0.0182094741416775,-0.0094364351245085,-0.0050494849525348,-0.0176707487466096,-0.0304845222072678,-0.0328438748508275,-0.0322768811977444,-0.0298971073577947,0.0205910852713178,0.0007712743165653
45736.2,Department of State,-0.0102969348659003,-0.0217852877427344,-0.0236455463728191,0.0099850679919299,0.0111631378935936,0.0059459459459458,-0.000208746477403,-0.0119680074727069,0.0075906161644463,-0.0293103448275862,-0.0118029101355148,-0.0141742172781914,0.0015382248884785,-0.0156179404833135,-0.0049204849629979,-0.0079943091358691,-0.0114253473446647,-9.815469179419444e-05,-0.0046543363306285,-0.0007803200634837,-0.0148514851485148,-0.0030571368332279,0.0048005908419497,-0.0025291142218563,0.0045292590132255,-0.0117479530081878,-0.0001211387038158,-0.0090415913200723,-0.0043913105821622,-0.0172492776094156,0.0038178441218958,-0.0151515151515152,0.0031634018737072,-0.004037503925351,-0.0080101180438447,-0.0051204906413632,-0.0030033140016569,-0.008106583956013,-0.010862426110241,0.0031049873859887,-0.0246606153104667,-0.0072533849129593,0.0318399304045236
1490778.55,Department of State,-0.0102969348659003,-0.0217852877427344,-0.0236455463728191,0.0099850679919299,0.0111631378935936,0.0059459459459458,-0.000208746477403,-0.0119680074727069,0.0075906161644463,-0.0293103448275862,-0.0118029101355148,-0.0141742172781914,0.0015382248884785,-0.0156179404833135,-0.0049204849629979,-0.0079943091358691,-0.0114253473446647,-9.815469179419444e-05,-0.0046543363306285,-0.0007803200634837,-0.0148514851485148,-0.0030571368332279,0.0048005908419497,-0.0025291142218563,0.0045292590132255,-0.0117479530081878,-0.0001211387038158,-0.0090415913200723,-0.0043913105821622,-0.0172492776094156,0.0038178441218958,-0.0151515151515152,0.0031634018737072,-0.004037503925351,-0.0080101180438447,-0.0051204906413632,-0.0030033140016569,-0.008106583956013,-0.010862426110241,0.0031049873859887,-0.0246606153104667,-0.0072533849129593,0.0318399304045236
120382.68,Department of State,-0.0102969348659003,-0.0217852877427344,-0.0236455463728191,0.0099850679919299,0.0111631378935936,0.0059459459459458,-0.000208746477403,-0.0119680074727069,0.0075906161644463,-0.0293103448275862,-0.0118029101355148,-0.0141742172781914,0.0015382248884785,-0.0156179404833135,-0.0049204849629979,-0.0079943091358691,-0.0114253473446647,-9.815469179419444e-05,-0.0046543363306285,-0.0007803200634837,-0.0148514851485148,-0.0030571368332279,0.0048005908419497,-0.0025291142218563,0.0045292590132255,-0.0117479530081878,-0.0001211387038158,-0.0090415913200723,-0.0043913105821622,-0.0172492776094156,0.0038178441218958,-0.0151515151515152,0.0031634018737072,-0.004037503925351,-0.0080101180438447,-0.0051204906413632,-0.0030033140016569,-0.008106583956013,-0.010862426110241,0.0031049873859887,-0.0246606153104667,-0.0072533849129593,0.0318399304045236
-3316.44,Department of State,0.0133075248003873,0.0062628592100204,0.0007053844345168,0.0046271739253105,-0.0017449078889969,0.0059108006448145,0.0087691825869087,0.0029543843063106,0.0114265490305129,0.0355239786856127,0.00069514661274,0.0077805077805077,0.0039932422054984,-9.9238345696806e-05,-3.955852684045525e-05,0.0152637869216321,0.0209566954412498,-0.0021596151958378,0.0073446604318661,0.0111183174279625,0.0251256281407035,-0.011843079200592,0.0283719220874676,0.012913497258093,0.0090777924732474,0.0082853025936597,0.0041192149260962,0.0059306569343065,0.0095774749311392,0.0166018251250514,0.0049340414596539,0.0058084772370485,0.014918132201334,0.0064861943155714,0.0006799830004249,0.0046234370456528,0.010532876285447,0.0067514746642027,0.0190009193993256,-0.0262462113884052,0.0354142645363202,0.004870920603994,0.0029508473147288
2200.0,Department of State,0.0133075248003873,0.0062628592100204,0.0007053844345168,0.0046271739253105,-0.0017449078889969,0.0059108006448145,0.0087691825869087,0.0029543843063106,0.0114265490305129,0.0355239786856127,0.00069514661274,0.0077805077805077,0.0039932422054984,-9.9238345696806e-05,-3.955852684045525e-05,0.0152637869216321,0.0209566954412498,-0.0021596151958378,0.0073446604318661,0.0111183174279625,0.0251256281407035,-0.011843079200592,0.0283719220874676,0.012913497258093,0.0090777924732474,0.0082853025936597,0.0041192149260962,0.0059306569343065,0.0095774749311392,0.0166018251250514,0.0049340414596539,0.0058084772370485,0.014918132201334,0.0064861943155714,0.0006799830004249,0.0046234370456528,0.010532876285447,0.0067514746642027,0.0190009193993256,-0.0262462113884052,0.0354142645363202,0.004870920603994,0.0029508473147288
1541330.0,Department of State,0.0842884431709645,0.0535658113512784,0.0606203007518797,0.0102002988193266,0.0316313153383305,0.030448717948718,0.0233881817241023,0.0398845292800753,-0.0292934089829787,0.0741852487135505,-0.0029681086201452,0.1154453925685132,-0.0255468869512008,-0.0368210803166016,0.0307975314502728,-0.0111664200188349,-0.0006638366263124,-0.0090506640432858,0.0211928255480484,0.0213375921247267,-0.0098039215686274,-0.0264312466559657,0.0407404760202989,0.0550704389335197,-0.0187071790288947,-0.022508038585209,-0.0284145752895751,0.0122448979591835,-0.0019793505590328,0.0523076380438425,0.0481093797947422,0.1311066021538942,-0.002868068833652,-0.0032669501006936,-0.0078994309012146,0.0307968392717588,0.0378479503309896,0.024283495693915,0.0380451127819549,-0.0254304635761589,0.1475103404390709,-0.0024236548715462,0.0171486213853395
257776.23,Department of State,0.0080410989501897,0.0071284202290657,-0.006336275175379,0.0326830282406749,0.0359418237981852,-0.0003443526170797,0.0009097341554633,-0.0132780082987552,0.0161726416983776,-0.0011437285550895,-0.008039303260384,0.0025382858109823,0.0040841972981464,0.0427487616778481,0.0132849308720166,0.0146270277608091,-0.0039885076897075,0.0172976178709103,-0.0067931269539054,-0.0018831446003967,0.0071942446043165,-0.0045119401342578,-0.0083960236432025,0.015453130868702,0.0067682926829268,-0.0269482884195193,0.0263141790588092,0.0136116152450092,-0.007465505765529,0.0171112395738706,0.0067691301504251,0.0031509596104271,0.0116875372689326,-0.0022859152452961,0.0111882046834346,-0.0143605666601979,-0.0124570789746866,-0.0124816446402349,-0.0089026422280409,0.004636375678898,0.0818766629618403,-0.0022183879714074,-0.000330169211721
533482.0,Department of State,-0.0047743055555555,-0.0022894556658678,-0.0036199095022625,-0.0005359746162422,-0.0016972463640887,0.0013644891693671,0.0012889153281776,0.0070418630440809,-0.0127605378529966,-0.0355289421157685,-0.0154798761609907,0.0011283379999165,-0.0025252525252524,-0.0163134880591995,-0.0017920470836793,-0.0095512884290119,0.0028293636503937,-0.0213441874317482,0.0120092820745913,0.0174562971791814,-0.0613636363636365,-0.0116149207058298,0.0208591491119372,0.0023793158145191,0.0004870327529526,-0.0019054878048779,-0.0011443714991266,-0.0071716718960107,-0.0112813574197322,-0.0169212315073971,-0.0034413997169689,0.0005512679162071,0.0092625578909868,0.0,-0.0030821917808219,0.0092639238734957,0.0434903266730097,-0.0252460128944689,0.010007735447689,-0.0254430719656284,-0.0614571428571428,-0.0009891196834816,-0.0009960986137628
3085596.74,Department of State,-0.0047743055555555,-0.0022894556658678,-0.0036199095022625,-0.0005359746162422,-0.0016972463640887,0.0013644891693671,0.0012889153281776,0.0070418630440809,-0.0127605378529966,-0.0355289421157685,-0.0154798761609907,0.0011283379999165,-0.0025252525252524,-0.0163134880591995,-0.0017920470836793,-0.0095512884290119,0.0028293636503937,-0.0213441874317482,0.0120092820745913,0.0174562971791814,-0.0613636363636365,-0.0116149207058298,0.0208591491119372,0.0023793158145191,0.0004870327529526,-0.0019054878048779,-0.0011443714991266,-0.0071716718960107,-0.0112813574197322,-0.0169212315073971,-0.0034413997169689,0.0005512679162071,0.0092625578909868,0.0,-0.0030821917808219,0.0092639238734957,0.0434903266730097,-0.0252460128944689,0.010007735447689,-0.0254430719656284,-0.0614571428571428,-0.0009891196834816,-0.0009960986137628
285134.39,Department of State,-0.0047743055555555,-0.0022894556658678,-0.0036199095022625,-0.0005359746162422,-0.0016972463640887,0.0013644891693671,0.0012889153281776,0.0070418630440809,-0.0127605378529966,-0.0355289421157685,-0.0154798761609907,0.0011283379999165,-0.0025252525252524,-0.0163134880591995,-0.0017920470836793,-0.0095512884290119,0.0028293636503937,-0.0213441874317482,0.0120092820745913,0.0174562971791814,-0.0613636363636365,-0.0116149207058298,0.0208591491119372,0.0023793158145191,0.0004870327529526,-0.0019054878048779,-0.0011443714991266,-0.0071716718960107,-0.0112813574197322,-0.0169212315073971,-0.0034413997169689,0.0005512679162071,0.0092625578909868,0.0,-0.0030821917808219,0.0092639238734957,0.0434903266730097,-0.0252460128944689,0.010007735447689,-0.0254430719656284,-0.0614571428571428,-0.0009891196834816,-0.0009960986137628
191669.77,Department of State,0.0002180549498473,0.0038817045186472,-0.0029518619436875,0.0014479075055235,0.0016708192877035,0.0080054505195026,0.0171304089513812,-0.0150864442242044,0.0176391783268829,0.0314569536423841,0.0039308176100629,0.0066789113374519,-0.0031645569620253,-0.0086095303226437,-0.0137762911729689,-0.0043529214799931,-0.0082418521938375,-0.0008115236356258,0.0051296598349999,0.0133862111043319,0.0484261501210654,-0.0096045197740112,-0.0136219569761951,0.0002637409009387,0.0024339783375928,0.0202367315769376,0.0044621321755908,0.0067720090293454,0.0021266759130835,-0.0143166251809913,-0.0011941261900919,0.0023415977961431,0.0060007059654076,0.003969138830665,-0.0060116798351081,0.0266492887052494,0.0115497131567949,-0.0301469052426371,0.0248432339284858,-0.035820073017841,0.0053274072270084,0.0183168316831683,0.0093061902783548
156786.76,Department of State,0.0006540222367561,-0.000854518265328,-0.0097927579139148,-0.010538378332066,-0.0294685707596864,-0.0212909766813111,0.0623052959501557,-0.018448121645796,-0.0108973890148467,0.0044141252006419,-0.0089402244844688,0.0029441034997512,-0.0071428571428572,-0.0315098360453799,-0.0028359009734039,0.0040692786278795,-0.0048965517241379,-0.0014213197969543,0.0039746001881466,0.0081760930557395,0.0161662817551964,0.0029663434112947,0.0033499692349763,-0.0136054421768706,0.0024887701833191,-0.0261976047904191,0.003001560811622,-0.0022421524663677,-0.0163867872301162,-0.0209946028025814,-0.0039744086855371,0.0004122577985434,-0.0120467836257309,0.0137704335465529,-0.0061344392604112,-0.0220139376586895,-0.0049389671361502,-0.0033022254127782,-0.0122372723026623,-0.0130742301921841,-0.0577156007751937,-0.0065629557608167,-0.007491561702478
953333.0,Department of State,0.0006540222367561,-0.000854518265328,-0.0097927579139148,-0.010538378332066,-0.0294685707596864,-0.0212909766813111,0.0623052959501557,-0.018448121645796,-0.0108973890148467,0.0044141252006419,-0.0089402244844688,0.0029441034997512,-0.0071428571428572,-0.0315098360453799,-0.0028359009734039,0.0040692786278795,-0.0048965517241379,-0.0014213197969543,0.0039746001881466,0.0081760930557395,0.0161662817551964,0.0029663434112947,0.0033499692349763,-0.0136054421768706,0.0024887701833191,-0.0261976047904191,0.003001560811622,-0.0022421524663677,-0.0163867872301162,-0.0209946028025814,-0.0039744086855371,0.0004122577985434,-0.0120467836257309,0.0137704335465529,-0.0061344392604112,-0.0220139376586895,-0.0049389671361502,-0.0033022254127782,-0.0122372723026623,-0.0130742301921841,-0.0577156007751937,-0.0065629557608167,-0.007491561702478
5346998.0,Department of State,0.0185185185185186,0.0055163566388709,-0.0137994480220789,-0.0182056305404322,-0.0192672998643147,-0.0079419889502763,0.0546187683284455,-0.0175988153548239,0.0060632948831707,-0.0271673991210547,0.0140251530914596,0.0142225162277256,-0.0129496402877696,-0.0509138547244444,0.0028631821675635,-0.0198620042872454,-0.0399889112204586,-0.0208418056120374,-0.0278526084002904,-0.0158851491770775,-0.025,-0.0085314526219997,-0.0325701826110657,-0.0176958032611601,-0.0395398122918558,-0.0468870099923135,0.0147234857553266,0.0193258426966291,-0.037409478068365,-0.0015510410520104,0.0045093268450933,0.0211538461538463,-0.0026044749615248,-0.0141091928840592,0.0075632443710336,-0.0234761234015521,-0.0500122671598693,-0.0283779890521463,-0.0419425004728578,0.0148400173736789,0.0306574972684621,0.0190849033520921,-0.0103682813536828
708548.0,Department of State,-0.0066352739726027,-0.0070732740364252,-0.0158139534883721,0.0115713804091308,0.0036617532971294,-0.0052346885360321,-0.0098643649815043,0.0160867084997147,-0.0088685313322287,-0.0257648953301127,-0.0114363248691607,-0.0079173978696486,0.0118008406078242,0.0034790979097909,-0.0041600368076988,-0.0012710408794228,0.0120670995670997,-0.0002071251035624,0.0048826245911102,0.0286523817956438,0.0046296296296295,-0.0165932949542837,0.0489475561897965,0.0170677865719055,-0.0101686351291606,0.0096540627514079,5.856515373348081e-05,-0.0113092648977816,0.0156197011709788,-0.0214534045620282,-0.0009930804715531,-0.0089080847617761,0.0299714557564223,0.001140250855188,-0.0019597818677573,0.0032880750588166,0.0002001961922684,0.0033110199380981,0.0144273673772932,0.0120247445610619,0.0214323670071441,-0.0075739644970413,-0.0139639265231485
16750.78,Department of State,-0.0075414781297132,-6.398498485693516e-05,0.0158317580340265,-0.0022254475084663,0.007018520236218,0.0085949833362568,0.0163671944493861,-0.0120143723332585,-0.0167158308751229,-0.0078512396694213,0.000718954248366,-0.0095026533382698,0.0063907972519572,0.032450358351719,-0.013321526200285,0.0006191311526158,0.0078953465575932,0.0093225605966438,-0.0055051580937791,0.0143804801909745,0.0368663594470046,-0.0028696051423323,-0.0076185293517447,0.009793541556379,0.0128892291985707,-0.0063745019920318,0.000761302412743,0.0043994720633522,0.0073067253299812,0.0407279029462739,-0.014301747635081,0.0020427618139724,0.0066974595842956,0.003154021377256,-0.0102450268931955,0.008814804350897,-0.0002201717339525,-0.0128416672645096,-0.0084551097209325,0.0032967032967035,-0.0114739884393064,0.0069162890531837,0.0142459748798786
13778376.76,Department of State,-0.0075414781297132,-6.398498485693516e-05,0.0158317580340265,-0.0022254475084663,0.007018520236218,0.0085949833362568,0.0163671944493861,-0.0120143723332585,-0.0167158308751229,-0.0078512396694213,0.000718954248366,-0.0095026533382698,0.0063907972519572,0.032450358351719,-0.013321526200285,0.0006191311526158,0.0078953465575932,0.0093225605966438,-0.0055051580937791,0.0143804801909745,0.0368663594470046,-0.0028696051423323,-0.0076185293517447,0.009793541556379,0.0128892291985707,-0.0063745019920318,0.000761302412743,0.0043994720633522,0.0073067253299812,0.0407279029462739,-0.014301747635081,0.0020427618139724,0.0066974595842956,0.003154021377256,-0.0102450268931955,0.008814804350897,-0.0002201717339525,-0.0128416672645096,-0.0084551097209325,0.0032967032967035,-0.0114739884393064,0.0069162890531837,0.0142459748798786
18137015.97,Department of State,0.0086843247937471,0.0068894908602266,0.0118632240055827,0.0297064908197568,0.0309487258213079,0.0010434782608697,0.0040259058288114,-0.0474485737015569,0.0261249999999999,0.0179092044981257,0.0156096923780286,0.0165296120940277,0.0122241625654864,-0.0046322719369268,0.0049947321184689,-0.0083874737891443,-0.0042969302588766,0.0248357963875205,-0.0063058076006642,0.0154211687503535,-0.011111111111111,-0.0136986301369862,0.0053464939337857,0.0088073394495413,0.0100793750787451,0.007618283881315,0.0108841945110891,0.0065703022339027,0.0063567584431791,-0.0050124895920066,0.00816552262598,0.0169883120413156,0.0138793301215873,-0.0020960698689955,0.0114724402656776,0.0111462738398633,0.0098898898898898,-0.000799418604651,-0.0221805993690851,-0.018277656078861,-0.0069876911382041,0.0066319279962103,0.0133809840425533
11695614.54,Department of State,0.0086843247937471,0.0068894908602266,0.0118632240055827,0.0297064908197568,0.0309487258213079,0.0010434782608697,0.0040259058288114,-0.0474485737015569,0.0261249999999999,0.0179092044981257,0.0156096923780286,0.0165296120940277,0.0122241625654864,-0.0046322719369268,0.0049947321184689,-0.0083874737891443,-0.0042969302588766,0.0248357963875205,-0.0063058076006642,0.0154211687503535,-0.011111111111111,-0.0136986301369862,0.0053464939337857,0.0088073394495413,0.0100793750787451,0.007618283881315,0.0108841945110891,0.0065703022339027,0.0063567584431791,-0.0050124895920066,0.00816552262598,0.0169883120413156,0.0138793301215873,-0.0020960698689955,0.0114724402656776,0.0111462738398633,0.0098898898898898,-0.000799418604651,-0.0221805993690851,-0.018277656078861,-0.0069876911382041,0.0066319279962103,0.0133809840425533
5496763.44,Department of State,0.0086843247937471,0.0068894908602266,0.0118632240055827,0.0297064908197568,0.0309487258213079,0.0010434782608697,0.0040259058288114,-0.0474485737015569,0.0261249999999999,0.0179092044981257,0.0156096923780286,0.0165296120940277,0.0122241625654864,-0.0046322719369268,0.0049947321184689,-0.0083874737891443,-0.0042969302588766,0.0248357963875205,-0.0063058076006642,0.0154211687503535,-0.011111111111111,-0.0136986301369862,0.0053464939337857,0.0088073394495413,0.0100793750787451,0.007618283881315,0.0108841945110891,0.0065703022339027,0.0063567584431791,-0.0050124895920066,0.00816552262598,0.0169883120413156,0.0138793301215873,-0.0020960698689955,0.0114724402656776,0.0111462738398633,0.0098898898898898,-0.000799418604651,-0.0221805993690851,-0.018277656078861,-0.0069876911382041,0.0066319279962103,0.0133809840425533
12920.0,Department of State,0.0086843247937471,0.0068894908602266,0.0118632240055827,0.0297064908197568,0.0309487258213079,0.0010434782608697,0.0040259058288114,-0.0474485737015569,0.0261249999999999,0.0179092044981257,0.0156096923780286,0.0165296120940277,0.0122241625654864,-0.0046322719369268,0.0049947321184689,-0.0083874737891443,-0.0042969302588766,0.0248357963875205,-0.0063058076006642,0.0154211687503535,-0.011111111111111,-0.0136986301369862,0.0053464939337857,0.0088073394495413,0.0100793750787451,0.007618283881315,0.0108841945110891,0.0065703022339027,0.0063567584431791,-0.0050124895920066,0.00816552262598,0.0169883120413156,0.0138793301215873,-0.0020960698689955,0.0114724402656776,0.0111462738398633,0.0098898898898898,-0.000799418604651,-0.0221805993690851,-0.018277656078861,-0.0069876911382041,0.0066319279962103,0.0133809840425533
694272.51,Department of State,0.0086843247937471,0.0068894908602266,0.0118632240055827,0.0297064908197568,0.0309487258213079,0.0010434782608697,0.0040259058288114,-0.0474485737015569,0.0261249999999999,0.0179092044981257,0.0156096923780286,0.0165296120940277,0.0122241625654864,-0.0046322719369268,0.0049947321184689,-0.0083874737891443,-0.0042969302588766,0.0248357963875205,-0.0063058076006642,0.0154211687503535,-0.011111111111111,-0.0136986301369862,0.0053464939337857,0.0088073394495413,0.0100793750787451,0.007618283881315,0.0108841945110891,0.0065703022339027,0.0063567584431791,-0.0050124895920066,0.00816552262598,0.0169883120413156,0.0138793301215873,-0.0020960698689955,0.0114724402656776,0.0111462738398633,0.0098898898898898,-0.000799418604651,-0.0221805993690851,-0.018277656078861,-0.0069876911382041,0.0066319279962103,0.0133809840425533
241946.69,Department of State,0.0116229014205768,0.0095538702707282,-0.0006896551724138,0.008747972584105,0.0185835964024063,0.0171994440583738,0.0081066945606695,-0.0171210403865657,0.0232671458155682,0.0024549918166938,-0.0021221864951769,0.0154845563000491,0.0025094102885823,-0.0025469383400895,0.0111822947000581,0.0062744826151763,-0.0070148644088867,-0.0068095333466853,0.0100031486908711,0.0003454115969157,-0.0022471910112359,-0.0070028011204482,-0.0321810867934819,-0.000727537286286,0.0103529998752649,0.020692399522483,0.0204341534008682,0.0087032201914707,-0.0055028095330362,-0.0110796833419806,6.453694740260474e-05,0.0151008953628224,0.0231926688539427,0.0059075792053211,0.0042640286542725,-0.0066195817753773,0.0152842756323843,0.0062550003636627,-0.0063514467184191,0.0410013248727425,0.0380402779413497,0.0152941176470586,-0.0011481997867629
5647789.0,Department of State,0.0116229014205768,0.0095538702707282,-0.0006896551724138,0.008747972584105,0.0185835964024063,0.0171994440583738,0.0081066945606695,-0.0171210403865657,0.0232671458155682,0.0024549918166938,-0.0021221864951769,0.0154845563000491,0.0025094102885823,-0.0025469383400895,0.0111822947000581,0.0062744826151763,-0.0070148644088867,-0.0068095333466853,0.0100031486908711,0.0003454115969157,-0.0022471910112359,-0.0070028011204482,-0.0321810867934819,-0.000727537286286,0.0103529998752649,0.020692399522483,0.0204341534008682,0.0087032201914707,-0.0055028095330362,-0.0110796833419806,6.453694740260474e-05,0.0151008953628224,0.0231926688539427,0.0059075792053211,0.0042640286542725,-0.0066195817753773,0.0152842756323843,0.0062550003636627,-0.0063514467184191,0.0410013248727425,0.0380402779413497,0.0152941176470586,-0.0011481997867629
1560422.0,Department of State,0.0116229014205768,0.0095538702707282,-0.0006896551724138,0.008747972584105,0.0185835964024063,0.0171994440583738,0.0081066945606695,-0.0171210403865657,0.0232671458155682,0.0024549918166938,-0.0021221864951769,0.0154845563000491,0.0025094102885823,-0.0025469383400895,0.0111822947000581,0.0062744826151763,-0.0070148644088867,-0.0068095333466853,0.0100031486908711,0.0003454115969157,-0.0022471910112359,-0.0070028011204482,-0.0321810867934819,-0.000727537286286,0.0103529998752649,0.020692399522483,0.0204341534008682,0.0087032201914707,-0.0055028095330362,-0.0110796833419806,6.453694740260474e-05,0.0151008953628224,0.0231926688539427,0.0059075792053211,0.0042640286542725,-0.0066195817753773,0.0152842756323843,0.0062550003636627,-0.0063514467184191,0.0410013248727425,0.0380402779413497,0.0152941176470586,-0.0011481997867629
296280.0,Department of State,0.0116229014205768,0.0095538702707282,-0.0006896551724138,0.008747972584105,0.0185835964024063,0.0171994440583738,0.0081066945606695,-0.0171210403865657,0.0232671458155682,0.0024549918166938,-0.0021221864951769,0.0154845563000491,0.0025094102885823,-0.0025469383400895,0.0111822947000581,0.0062744826151763,-0.0070148644088867,-0.0068095333466853,0.0100031486908711,0.0003454115969157,-0.0022471910112359,-0.0070028011204482,-0.0321810867934819,-0.000727537286286,0.0103529998752649,0.020692399522483,0.0204341534008682,0.0087032201914707,-0.0055028095330362,-0.0110796833419806,6.453694740260474e-05,0.0151008953628224,0.0231926688539427,0.0059075792053211,0.0042640286542725,-0.0066195817753773,0.0152842756323843,0.0062550003636627,-0.0063514467184191,0.0410013248727425,0.0380402779413497,0.0152941176470586,-0.0011481997867629
231000.0,Department of State,0.0116229014205768,0.0095538702707282,-0.0006896551724138,0.008747972584105,0.0185835964024063,0.0171994440583738,0.0081066945606695,-0.0171210403865657,0.0232671458155682,0.0024549918166938,-0.0021221864951769,0.0154845563000491,0.0025094102885823,-0.0025469383400895,0.0111822947000581,0.0062744826151763,-0.0070148644088867,-0.0068095333466853,0.0100031486908711,0.0003454115969157,-0.0022471910112359,-0.0070028011204482,-0.0321810867934819,-0.000727537286286,0.0103529998752649,0.020692399522483,0.0204341534008682,0.0087032201914707,-0.0055028095330362,-0.0110796833419806,6.453694740260474e-05,0.0151008953628224,0.0231926688539427,0.0059075792053211,0.0042640286542725,-0.0066195817753773,0.0152842756323843,0.0062550003636627,-0.0063514467184191,0.0410013248727425,0.0380402779413497,0.0152941176470586,-0.0011481997867629
1500829.14,Department of State,0.0052631578947368,0.0023668391177764,-0.012962962962963,0.0110418466213615,0.0120020052490341,0.0144705481784133,-0.0047413793103447,0.0087682672233819,0.0019828772715608,-0.0329714515480499,-0.0080883296957247,-0.0012785169203722,0.0026405716060888,0.0454569536423841,0.003570072161033,0.0004726695702081,0.0149174497000583,0.0045472518782128,0.0219680508130566,0.0080985223951293,0.0349344978165939,-0.0003515350363253,0.0066166740185265,0.0126602478855257,-0.0054584483287336,-0.015284677111196,0.0108236089971249,-0.0004329004329004,-0.0023726176584987,0.001584602941419,-0.0043743414540694,0.0058517555266579,0.0202234636871507,0.0094043887147334,-0.0014390925251841,0.0052312546707631,0.0126655485512692,-0.0241621200311769,0.0318193100024821,-0.0152841280209014,-0.0010632328184528,0.0088676671214187,-0.0166708343752605
2589835.99,Department of State,0.0052631578947368,0.0023668391177764,-0.012962962962963,0.0110418466213615,0.0120020052490341,0.0144705481784133,-0.0047413793103447,0.0087682672233819,0.0019828772715608,-0.0329714515480499,-0.0080883296957247,-0.0012785169203722,0.0026405716060888,0.0454569536423841,0.003570072161033,0.0004726695702081,0.0149174497000583,0.0045472518782128,0.0219680508130566,0.0080985223951293,0.0349344978165939,-0.0003515350363253,0.0066166740185265,0.0126602478855257,-0.0054584483287336,-0.015284677111196,0.0108236089971249,-0.0004329004329004,-0.0023726176584987,0.001584602941419,-0.0043743414540694,0.0058517555266579,0.0202234636871507,0.0094043887147334,-0.0014390925251841,0.0052312546707631,0.0126655485512692,-0.0241621200311769,0.0318193100024821,-0.0152841280209014,-0.0010632328184528,0.0088676671214187,-0.0166708343752605
