t,v_AAPL,vw,o_AAPL,c_AAPL,h_AAPL,l_AAPL,n,t_a,AAPL_SMA_10,AAPL_SMA_50,AAPL_Returns
2023-12-11,60943699.0,192.7089,193.11,193.18,193.49,191.42,691172,2023-12-11 05:00:00,191.929,181.915,-0.012927290378621392
2023-12-12,52696900.0,193.7834,193.08,194.71,194.72,191.721,510768,2023-12-12 05:00:00,192.36,182.33419999999998,0.007920074541878153
2023-12-13,70404183.0,196.9085,195.09,197.96,198.0,194.85,672552,2023-12-13 05:00:00,193.219,182.8454,0.016691489908068347
2023-12-14,66831572.0,198.2872,198.02,198.11,199.62,196.16,691862,2023-12-14 05:00:00,194.03500000000003,183.33440000000002,0.0007577288341078514
2023-12-15,127387901.0,197.56,197.53,197.57,198.3999,197.0,625452,2023-12-15 05:00:00,194.668,183.78760000000003,-0.0027257584170411464
2023-12-18,55751861.0,195.6255,196.09,195.89,196.63,194.39,655763,2023-12-18 05:00:00,195.31400000000002,184.15560000000002,-0.008503315280660062
2023-12-19,40714051.0,196.5277,196.16,196.94,196.95,195.89,451709,2023-12-19 05:00:00,195.666,184.5146,0.005360151105212152
2023-12-20,52242815.0,196.142,196.9,194.83,197.68,194.83,550599,2023-12-20 05:00:00,195.917,184.8434,-0.010713923022240168
2023-12-21,46482549.0,194.7425,196.1,194.68,197.08,193.5,554844,2023-12-21 05:00:00,195.95800000000003,185.14100000000002,-0.0007699019658163886
2023-12-22,37149570.0,194.1013,195.18,193.6,195.41,192.97,500544,2023-12-22 05:00:00,195.747,185.39880000000002,-0.005547565235257901
2023-12-26,28919310.0,193.1713,193.61,193.05,193.89,192.83,488257,2023-12-26 05:00:00,195.73399999999998,185.6828,-0.0028409090909089496
2023-12-27,48087681.0,192.5679,192.49,193.15,193.5,191.09,548076,2023-12-27 05:00:00,195.578,185.9714,0.0005180005180005498
2023-12-28,34049898.0,193.9222,194.14,193.58,194.66,193.17,472404,2023-12-28 05:00:00,195.14,186.3,0.0022262490292519477
2023-12-29,42672148.0,192.5761,193.9,192.53,194.4,191.725,509123,2023-12-29 05:00:00,194.58200000000002,186.6338,-0.00542411406137
2024-01-02,81964874.0,185.9465,187.15,185.64,188.44,183.885,1008871,2024-01-02 05:00:00,193.389,186.83739999999997,-0.0357866306549629
2024-01-03,58414460.0,184.3226,184.22,184.25,185.88,183.43,656853,2024-01-03 05:00:00,192.225,187.0648,-0.007487610428786873
2024-01-04,71878670.0,182.0183,182.15,181.91,183.0872,180.88,712692,2024-01-04 05:00:00,190.722,187.243,-0.012700135685210334
2024-01-05,62371161.0,181.474,181.99,181.18,182.76,180.17,682334,2024-01-05 05:00:00,189.357,187.3978,-0.004012973448408452
2024-01-08,59144470.0,184.3702,182.085,185.56,185.6,181.5,669173,2024-01-08 05:00:00,188.445,187.68699999999998,0.024174853736615542
2024-01-09,42841809.0,184.3706,183.92,185.14,185.15,182.73,538180,2024-01-09 05:00:00,187.599,188.05200000000002,-0.0022634188402673727
2024-01-10,46192908.0,185.2509,184.35,186.19,186.4,183.92,554777,2024-01-10 05:00:00,186.913,188.4114,0.005671383817651643
2024-01-11,49128408.0,185.0604,186.54,185.59,187.05,183.62,584008,2024-01-11 05:00:00,186.15699999999998,188.71739999999997,-0.0032225146355873147
2024-01-12,40477782.0,185.8199,186.06,185.92,186.74,185.19,477050,2024-01-12 05:00:00,185.39100000000002,189.0204,0.0017781130448837335
2024-01-16,65076641.0,182.8866,182.16,183.63,184.26,180.934,767281,2024-01-16 05:00:00,184.501,189.2136,-0.012317125645438853
2024-01-17,47317433.0,181.9201,181.27,182.68,182.93,180.3,594632,2024-01-17 05:00:00,184.20499999999998,189.31580000000002,-0.005173446604585297
2024-01-18,77722754.0,187.9358,186.09,188.63,189.14,185.83,787233,2024-01-18 05:00:00,184.643,189.55540000000002,0.03257061528355587
2024-01-19,68887985.0,190.6149,189.33,191.56,191.95,188.82,682663,2024-01-19 05:00:00,185.608,189.80200000000002,0.015533054127127244
2024-01-22,60131852.0,193.9891,192.3,193.89,195.33,192.26,718107,2024-01-22 05:00:00,186.879,190.0434,0.012163290874921628
2024-01-23,42355590.0,194.8203,195.02,195.18,195.75,193.8299,533093,2024-01-23 05:00:00,187.84099999999998,190.2892,0.006653257001392632
2024-01-24,53631316.0,195.2063,195.42,194.5,196.38,194.34,594714,2024-01-24 05:00:00,188.777,190.53099999999998,-0.003483963520852562
2024-01-25,54822126.0,194.7337,195.22,194.17,196.2675,193.1125,644526,2024-01-25 05:00:00,189.575,190.6864,-0.0016966580976864876
2024-01-26,44587111.0,193.1207,194.27,192.42,194.76,191.94,534165,2024-01-26 05:00:00,190.25799999999998,190.83879999999996,-0.009012720811659936
2024-01-29,47145622.0,191.2954,192.01,191.73,192.2,189.58,599513,2024-01-29 05:00:00,190.839,190.92460000000003,-0.003585905830994718
2024-01-30,55836970.0,188.7927,190.94,188.04,191.8,187.47,690705,2024-01-30 05:00:00,191.28,190.92520000000002,-0.019245814426537278
2024-01-31,55467803.0,185.3525,187.04,184.4,187.095,184.35,679844,2024-01-31 05:00:00,191.452,190.819,-0.019357583492873753
2024-02-01,64885408.0,185.5688,183.985,186.86,186.95,183.82,820977,2024-02-01 05:00:00,191.275,190.7624,0.013340563991323329
2024-02-02,102527680.0,184.744,179.86,185.85,187.33,179.25,1108465,2024-02-02 05:00:00,190.704,190.65040000000002,-0.005405116129722942
2024-02-05,69654320.0,187.6824,188.15,187.68,189.25,185.84,804748,2024-02-05 05:00:00,190.08300000000003,190.59120000000001,0.00984665052461664
2024-02-06,43490759.0,188.4788,186.86,189.3,189.31,186.7695,530825,2024-02-06 05:00:00,189.495,190.551,0.008631713554987153
2024-02-07,53438955.0,189.3803,190.64,189.41,191.05,188.61,596088,2024-02-07 05:00:00,188.98600000000002,190.53979999999999,0.0005810882197569978
2024-02-08,40962046.0,188.3032,189.385,188.32,189.535,187.35,521464,2024-02-08 05:00:00,188.401,190.5104,-0.005754712000422435
2024-02-09,45155216.0,189.0056,188.65,188.85,189.99,188.0,544714,2024-02-09 05:00:00,188.044,190.4794,0.0028143585386575243
2024-02-12,41781934.0,187.5914,188.415,187.15,188.67,186.79,585515,2024-02-12 05:00:00,187.586,190.435,-0.009001853322742837
2024-02-13,56529529.0,185.0421,185.77,185.04,186.21,183.5128,644015,2024-02-13 05:00:00,187.286,190.3368,-0.011274378840502308
2024-02-14,54617917.0,183.6207,185.32,184.15,185.53,182.44,679072,2024-02-14 05:00:00,187.26100000000002,190.195,-0.00480977086035439
2024-02-15,65434496.0,182.8487,183.55,183.86,184.49,181.35,756083,2024-02-15 05:00:00,186.96099999999998,190.08360000000002,-0.0015748031496062298
2024-02-16,49752465.0,182.7317,183.42,182.31,184.85,181.665,611770,2024-02-16 05:00:00,186.607,189.8614,-0.008430327423039286
2024-02-20,53574453.0,181.1005,181.79,181.56,182.43,180.0,712335,2024-02-20 05:00:00,185.99499999999998,189.6462,-0.004113871976304084
2024-02-21,41496371.0,181.9941,181.94,182.32,182.8888,180.66,522492,2024-02-21 05:00:00,185.297,189.4072,0.004185944040537404
2024-02-22,52284192.0,183.8372,183.48,184.37,184.955,182.46,613892,2024-02-22 05:00:00,184.79299999999998,189.18040000000002,0.011243966652040527
2024-02-23,44926677.0,182.9876,185.01,182.52,185.04,182.23,549250,2024-02-23 05:00:00,184.213,188.96720000000002,-0.010034170418180777
2024-02-26,40867421.0,181.3213,182.24,181.16,182.76,180.65,615639,2024-02-26 05:00:00,183.44400000000002,188.69620000000003,-0.007451238220469114
2024-02-27,54318851.0,181.8192,181.1,182.63,183.9225,179.56,669751,2024-02-27 05:00:00,182.99200000000002,188.3896,0.008114374034003058
2024-02-28,48943139.0,181.1915,182.51,181.42,183.12,180.13,596442,2024-02-28 05:00:00,182.63,188.05579999999998,-0.006625417510814247
2024-02-29,136682597.0,180.6781,181.27,180.75,182.57,179.53,813073,2024-02-29 05:00:00,182.29000000000002,187.71939999999998,-0.0036930878624186203
2024-03-01,73450582.0,179.0322,179.55,179.66,180.53,177.38,911077,2024-03-01 05:00:00,181.87,187.3948,-0.006030428769018048
2024-03-04,81505451.0,174.8938,176.15,175.1,176.9,173.79,1167166,2024-03-04 05:00:00,181.149,186.958,-0.025381275743070253
2024-03-05,94702355.0,170.3234,170.76,170.12,172.04,169.62,1108820,2024-03-05 05:00:00,180.005,186.46380000000002,-0.02844089091947455
2024-03-06,68568907.0,169.5506,171.06,169.12,171.24,168.68,896297,2024-03-06 05:00:00,178.685,185.9526,-0.005878203620973466
2024-03-07,71763761.0,169.3619,169.15,169.0,170.73,168.49,825405,2024-03-07 05:00:00,177.148,185.46059999999997,-0.0007095553453169146
2024-03-08,76267041.0,171.5322,169.0,170.73,173.7,168.94,925213,2024-03-08 05:00:00,175.969,185.0142,0.010236686390532546
2024-03-11,60139473.0,172.9273,172.94,172.75,174.38,172.05,793618,2024-03-11 04:00:00,175.128,184.6062,0.01183154688689747
2024-03-12,59813522.0,172.8726,173.15,173.23,174.03,171.01,735065,2024-03-12 04:00:00,174.18800000000002,184.19920000000002,0.002778581765557009
2024-03-13,52488692.0,171.3457,172.77,171.13,173.185,170.76,647120,2024-03-13 04:00:00,173.159,183.7712,-0.01212261155688965
2024-03-14,72913507.0,173.0899,172.91,173.0,174.3078,172.05,806014,2024-03-14 04:00:00,172.384,183.5184,0.010927365160988689
2024-03-15,121752699.0,171.8002,171.17,172.62,172.62,170.285,771387,2024-03-15 04:00:00,171.68,183.28580000000002,-0.0021965317919074856
2024-03-18,75606556.0,175.4587,175.57,173.72,177.71,173.52,866430,2024-03-18 04:00:00,171.542,183.122,0.006372378635152387
2024-03-19,55215244.0,175.4779,174.34,176.08,176.605,173.03,636058,2024-03-19 04:00:00,172.13799999999998,183.02,0.01358507943817644
2024-03-20,53423102.0,177.2239,175.72,178.67,178.67,175.09,641653,2024-03-20 04:00:00,173.09300000000002,182.8822,0.014709223080417777
2024-03-21,106181270.0,172.7231,177.05,171.37,177.49,170.84,1224985,2024-03-21 04:00:00,173.32999999999998,182.6068,-0.04085744668942737
2024-03-22,71146138.0,172.0464,171.76,172.28,173.05,170.06,736378,2024-03-22 04:00:00,173.48499999999999,182.3286,0.005310147633774909
2024-03-25,54288328.0,170.7132,170.565,170.85,171.94,169.45,727686,2024-03-25 04:00:00,173.29500000000002,182.0338,-0.008300441142326531
2024-03-26,57388449.0,170.323,170.0,169.71,171.42,169.58,684303,2024-03-26 04:00:00,172.943,181.7096,-0.00667251975417027
2024-03-27,60263665.0,172.5879,170.41,173.31,173.6,170.11,670629,2024-03-27 04:00:00,173.161,181.5032,0.02121265688527485
2024-03-28,65671690.0,171.3942,171.75,171.48,172.23,170.51,648026,2024-03-28 04:00:00,173.00900000000001,181.27919999999997,-0.010559113726847924
2024-04-01,46240500.0,170.0696,171.19,170.03,171.25,169.475,676830,2024-04-01 04:00:00,172.75,180.90720000000002,-0.008455796594354914
2024-04-02,49297581.0,168.8967,169.08,168.84,169.34,168.2302,608914,2024-04-02 04:00:00,172.262,180.45280000000002,-0.0069987649238369976
2024-04-03,47691715.0,169.8623,168.79,169.65,170.68,168.58,571286,2024-04-03 04:00:00,171.619,179.968,0.00479744136460547
2024-04-04,53682486.0,170.1029,170.29,168.82,171.92,168.82,630783,2024-04-04 04:00:00,170.634,179.44080000000002,-0.004892425582080806
2024-04-05,42104826.0,169.6415,169.59,169.58,170.39,168.95,540854,2024-04-05 04:00:00,170.455,178.94240000000002,0.004501836275322857
2024-04-08,37425513.0,168.6637,169.03,168.45,169.2,168.24,549987,2024-04-08 04:00:00,170.072,178.42800000000003,-0.006663521641703141
2024-04-09,42451209.0,169.1566,168.7,169.67,170.08,168.35,541699,2024-04-09 04:00:00,169.954,177.97299999999998,0.007242505194419602
2024-04-10,49691936.0,167.9914,168.8,167.78,169.09,167.11,647587,2024-04-10 04:00:00,169.761,177.49399999999997,-0.011139270348323183
2024-04-11,91053075.0,172.6956,168.34,175.04,175.46,168.16,828408,2024-04-11 04:00:00,169.934,177.234,0.04327095005364168
2024-04-12,101282386.0,176.3413,174.26,176.55,178.36,174.21,960229,2024-04-12 04:00:00,170.44099999999997,177.077,0.008626599634369292
2024-04-15,70733115.0,174.19,175.36,172.69,176.63,172.5,846703,2024-04-15 04:00:00,170.707,176.7936,-0.02186349476069105
2024-04-16,71583932.0,170.0693,171.75,169.38,173.76,168.27,834229,2024-04-16 04:00:00,170.76100000000002,176.46419999999998,-0.01916729399502004
2024-04-17,48503680.0,169.018,169.61,168.0,170.65,168.0,598926,2024-04-17 04:00:00,170.596,176.07059999999998,-0.008147360963513983
2024-04-18,40735511.0,167.4157,168.03,167.04,168.64,166.55,553162,2024-04-18 04:00:00,170.418,175.6254,-0.005714285714285783
2024-04-19,66084170.0,165.1519,166.21,165.0,166.4,164.075,754706,2024-04-19 04:00:00,169.95999999999998,175.1372,-0.012212643678160884
2024-04-22,46488244.0,165.9694,165.515,165.84,167.26,164.77,610286,2024-04-22 04:00:00,169.699,174.68760000000003,0.005090909090909035
2024-04-23,46956672.0,166.5052,165.35,166.9,167.05,164.92,554862,2024-04-23 04:00:00,169.422,174.2486,0.006391702846116676
2024-04-24,47007455.0,168.4251,166.54,169.02,169.3,166.21,584920,2024-04-24 04:00:00,169.546,173.88600000000002,0.012702216896345098
2024-04-25,48858902.0,169.4307,169.525,169.89,170.61,168.1511,608795,2024-04-25 04:00:00,169.031,173.583,0.0051473198438052314
2024-04-26,44014087.0,170.0062,169.88,169.3,171.34,169.18,563857,2024-04-26 04:00:00,168.306,173.28599999999997,-0.003472835364058957
2024-04-29,66891905.0,174.3826,173.37,173.5,176.03,173.1,808166,2024-04-29 04:00:00,168.387,173.07879999999997,0.024808033077377445
2024-04-30,64066593.0,172.1915,173.33,170.33,174.99,170.0,647398,2024-04-30 04:00:00,168.482,172.83919999999998,-0.0182708933717578
2024-05-01,48416441.0,170.7483,169.58,169.3,172.705,169.11,648581,2024-05-01 04:00:00,168.612,172.59400000000002,-0.006047085070157943
2024-05-02,91402452.0,174.57,172.51,173.03,173.415,170.89,944012,2024-05-02 04:00:00,169.21099999999998,172.4082,0.022031896042528087
2024-05-03,160948084.0,184.3811,186.645,183.38,187.0,182.66,1468448,2024-05-03 04:00:00,171.049,172.3884,0.05981621684101013
2024-05-06,75883763.0,181.8762,182.354,181.71,184.2,180.42,898724,2024-05-06 04:00:00,172.63600000000002,172.37219999999996,-0.009106772821463549
2024-05-07,74139796.0,182.7881,183.45,182.4,184.9,181.32,747423,2024-05-07 04:00:00,174.18599999999998,172.39700000000002,0.0037972593693247347
2024-05-08,43762264.0,182.4746,182.85,182.74,183.07,181.45,518558,2024-05-08 04:00:00,175.558,172.3992,0.0018640350877192624
2024-05-09,47493785.0,183.9877,182.56,184.57,184.66,182.11,550949,2024-05-09 04:00:00,177.026,172.46220000000002,0.010014227864725722
2024-05-10,48525869.0,183.0992,184.9,183.05,185.09,182.13,558732,2024-05-10 04:00:00,178.401,172.5082,-0.008235357858806913
2024-05-13,68586935.0,186.2008,185.435,186.28,187.1,184.62,726471,2024-05-13 04:00:00,179.679,172.6406,0.017645452062277966
2024-05-14,50551025.0,187.1838,187.51,187.43,188.3,186.29,559445,2024-05-14 04:00:00,181.389,172.8872,0.006173502254670504
2024-05-15,67561123.0,189.651,187.91,189.72,190.65,187.37,727552,2024-05-15 04:00:00,183.431,173.27919999999997,0.012217894680680796
2024-05-16,51938566.0,190.1107,190.47,189.84,191.095,189.6601,566892,2024-05-16 04:00:00,185.11200000000002,173.6936,0.0006325110689437974
2024-05-17,39819440.0,189.925,189.51,189.87,190.81,189.18,478115,2024-05-17 04:00:00,185.76100000000002,174.11100000000002,0.00015802781289497858
2024-05-20,43637717.0,191.0833,189.325,191.04,191.9199,189.01,566877,2024-05-20 04:00:00,186.69400000000002,174.5172,0.006162110917996566
2024-05-21,41192656.0,192.2516,191.09,192.35,192.73,190.9201,502712,2024-05-21 04:00:00,187.68900000000002,174.90920000000003,0.006857202680067065
2024-05-22,33510741.0,191.4481,192.265,190.9,192.8231,190.27,452301,2024-05-22 04:00:00,188.50500000000002,175.2626,-0.007538341564855666
2024-05-23,48553611.0,188.2595,190.98,186.88,191.0,186.625,573924,2024-05-23 04:00:00,188.736,175.57760000000002,-0.021058145625982294
2024-05-24,35429737.0,189.7127,188.82,189.98,190.58,188.0404,492815,2024-05-24 04:00:00,189.429,175.9172,0.016588184931506822
2024-05-28,51021752.0,190.8353,191.51,189.99,193.0,189.1,702124,2024-05-28 04:00:00,189.8,176.2646,5.263711969694107e-05
2024-05-29,51934816.0,191.1313,189.61,190.29,192.247,189.51,603438,2024-05-29 04:00:00,190.08599999999998,176.59599999999998,0.001579030475288068
2024-05-30,48211467.0,191.4073,190.76,191.29,192.18,190.63,568919,2024-05-30 04:00:00,190.243,176.9002,0.0052551368963160705
2024-05-31,71937580.0,191.5904,191.44,192.25,192.57,189.91,618138,2024-05-31 04:00:00,190.48399999999998,177.1718,0.005018558210047708
2024-06-03,48702790.0,193.7882,192.9,194.03,194.99,192.52,700898,2024-06-03 04:00:00,190.89999999999998,177.625,0.009258777633289972
2024-06-04,46573003.0,194.3005,194.635,194.35,195.32,193.0342,575237,2024-06-04 04:00:00,191.231,178.0664,0.0016492295005927637
2024-06-05,53100041.0,195.8699,195.4,195.87,196.9,194.87,648218,2024-06-05 04:00:00,191.583,178.5668,0.007820941600205966
2024-06-06,39591471.0,195.3477,195.685,194.48,196.5,194.17,550051,2024-06-06 04:00:00,191.94099999999997,179.06220000000002,-0.0070965436258744186
2024-06-07,52508446.0,195.8927,194.65,196.89,196.94,194.14,505896,2024-06-07 04:00:00,192.942,179.53379999999999,0.012392019744960958
2024-06-10,95034362.0,194.4454,196.9,193.12,197.3,192.15,1115208,2024-06-10 04:00:00,193.256,179.9666,-0.019147747473208354
2024-06-11,169677009.0,203.1517,193.65,207.15,207.16,193.63,1601717,2024-06-11 04:00:00,194.972,180.70899999999997,0.07264913007456508
2024-06-12,197067068.0,215.2738,207.37,213.07,220.2,206.9,1860933,2024-06-12 04:00:00,197.25,181.59359999999998,0.028578324885348616
2024-06-13,96562134.0,214.013,214.74,214.24,216.75,211.6,1032908,2024-06-13 04:00:00,199.54500000000002,182.4854,0.005491153142159977
2024-06-14,69150814.0,212.7632,213.85,212.49,215.17,211.3,793665,2024-06-14 04:00:00,201.56900000000002,183.3588,-0.008168409260642218
2024-06-17,92964543.0,216.4079,213.37,216.67,218.95,212.72,1034894,2024-06-17 04:00:00,203.83300000000003,184.3006,0.019671513953597675
2024-06-18,78534656.0,214.7421,217.59,214.29,218.63,213.0,919913,2024-06-18 04:00:00,205.827,185.21739999999997,-0.010984446393132341
2024-06-20,83863022.0,210.647,213.93,209.68,214.24,208.85,1005250,2024-06-20 04:00:00,207.208,186.01760000000002,-0.02151290307527176
2024-06-21,204018186.0,208.6028,210.39,207.49,211.89,207.11,881776,2024-06-21 04:00:00,208.50900000000001,186.8118,-0.010444486837085099
2024-06-24,76303387.0,209.3985,207.72,208.14,212.7,206.59,916066,2024-06-24 04:00:00,209.63400000000001,187.47379999999998,0.0031326810930645266
2024-06-25,54266550.0,209.7069,209.15,209.07,211.38,208.61,621125,2024-06-25 04:00:00,211.22899999999998,188.12420000000003,0.004468146439896348
2024-06-26,64531178.0,213.1428,211.5,213.25,214.86,210.64,769036,2024-06-26 04:00:00,211.839,188.93540000000002,0.019993303678193852
2024-06-27,48631748.0,213.9094,214.69,214.1,215.7395,212.35,644311,2024-06-27 04:00:00,211.942,189.8298,0.00398593200468933
2024-06-28,80927625.0,212.5954,215.77,210.62,216.07,210.3,729816,2024-06-28 04:00:00,211.58,190.68220000000002,-0.01625408687529184
2024-07-01,59475152.0,215.4872,212.09,216.75,217.51,211.92,784772,2024-07-01 04:00:00,212.006,191.6764,0.02910454847592825
2024-07-02,57112299.0,219.183,216.15,220.27,220.38,215.1,689939,2024-07-02 04:00:00,212.36599999999999,192.7818,0.016239907727797043
2024-07-03,36707517.0,220.6457,220.0,221.55,221.55,219.03,566735,2024-07-03 04:00:00,213.092,193.896,0.0058110500749080085
2024-07-05,58287571.0,224.943,221.65,226.34,226.45,221.65,767327,2024-07-05 04:00:00,214.75799999999998,195.0848,0.02162040171518842
2024-07-08,57456163.0,226.3221,227.09,227.82,227.85,223.25,790011,2024-07-08 04:00:00,216.791,196.2608,0.006538835380401231
2024-07-09,47531745.0,228.2117,227.93,228.68,229.4,226.3721,651012,2024-07-09 04:00:00,218.84499999999997,197.4366,0.0037749100166799554
2024-07-10,61539280.0,231.6381,229.3,232.98,233.08,229.25,782437,2024-07-10 04:00:00,221.23600000000002,198.71020000000001,0.01880356830505492
2024-07-11,63197762.0,228.4762,231.39,227.57,232.39,225.77,889216,2024-07-11 04:00:00,222.66800000000003,199.7916,-0.02322087732852607
2024-07-12,51621443.0,230.9692,228.92,230.54,232.64,228.68,706216,2024-07-12 04:00:00,224.31199999999998,200.99580000000003,0.01305092938436525
2024-07-15,60513737.0,234.9202,236.48,234.4,237.23,233.09,822606,2024-07-15 04:00:00,226.69,202.2978,0.016743298343020685
2024-07-16,38468546.0,234.2992,235.0,234.82,236.27,232.33,623906,2024-07-16 04:00:00,228.497,203.5336,0.0017918088737201021
2024-07-17,55878906.0,228.8396,229.45,228.88,231.4599,226.64,811024,2024-07-17 04:00:00,229.358,204.4436,-0.025295971382335414
2024-07-18,64346030.0,225.181,230.28,224.18,230.44,222.27,844538,2024-07-18 04:00:00,229.621,205.29300000000003,-0.020534778049632996
2024-07-19,48020038.0,224.7356,224.82,224.31,226.8,223.275,612739,2024-07-19 04:00:00,229.41800000000003,206.13119999999998,0.0005798911588901223
2024-07-22,44958139.0,225.0185,227.01,223.96,227.78,223.09,704830,2024-07-22 04:00:00,229.032,206.95559999999998,-0.001560340600062382
2024-07-23,37919040.0,225.0222,224.365,225.01,226.94,222.68,551646,2024-07-23 04:00:00,228.66500000000002,207.7644,0.004688337203071935
2024-07-24,59687424.0,219.0874,224.0,218.54,224.8,217.13,816074,2024-07-24 04:00:00,227.221,208.47420000000002,-0.028754277587662802
2024-07-25,50451768.0,218.12,218.93,217.49,220.85,214.62,737563,2024-07-25 04:00:00,226.21300000000002,209.0984,-0.004804612427930732
2024-07-26,39827645.0,217.8992,218.7,217.96,219.49,216.01,608504,2024-07-26 04:00:00,224.955,209.70899999999997,0.002161018897420597
2024-07-29,35153729.0,218.1319,216.96,218.24,219.3,215.75,604680,2024-07-29 04:00:00,223.339,210.27939999999998,0.0012846393833731984
2024-07-30,40681625.0,218.4059,219.19,218.8,220.325,216.12,584305,2024-07-30 04:00:00,221.737,210.8586,0.002565982404692191
2024-07-31,48422974.0,222.3441,221.44,222.08,223.82,220.63,668833,2024-07-31 04:00:00,221.05699999999996,211.50279999999998,0.014990859232175469
2024-08-01,61125243.0,219.4773,224.37,218.36,224.48,217.02,876046,2024-08-01 04:00:00,220.475,212.0492,-0.016750720461095048
2024-08-02,102635321.0,221.9519,219.15,219.86,225.6,217.71,1132479,2024-08-02 04:00:00,220.03000000000003,212.59939999999997,0.006869389998168218
2024-08-05,119382508.0,207.801,199.09,209.27,213.5,196.0,1661493,2024-08-05 04:00:00,218.561,212.9668,-0.0481670153734195
2024-08-06,69545387.0,206.739,205.3,207.23,209.99,201.07,921946,2024-08-06 04:00:00,216.783,213.37379999999996,-0.009748172217709294
2024-08-07,60109650.0,210.7375,206.9,209.82,213.64,206.39,741607,2024-08-07 04:00:00,215.911,213.77059999999997,0.01249819041644562
2024-08-08,45466136.0,212.5961,213.11,213.31,214.2,208.83,628674,2024-08-08 04:00:00,215.493,214.237,0.016633304737394106
2024-08-09,40764531.0,215.1632,212.1,216.24,216.78,211.97,589409,2024-08-09 04:00:00,215.321,214.75600000000003,0.013735877361586546
2024-08-12,36533169.0,217.5472,216.07,217.53,219.5099,215.6,602475,2024-08-12 04:00:00,215.25,215.28079999999997,0.005965593784683643
2024-08-13,42281135.0,220.8583,219.01,221.27,221.89,219.01,553206,2024-08-13 04:00:00,215.49699999999999,215.8612,0.01719303084632018
2024-08-14,40535664.0,221.5032,220.57,221.72,223.03,219.7,568467,2024-08-14 04:00:00,215.461,216.415,0.002033714466488812
2024-08-15,44961298.0,224.545,224.6,224.72,225.35,222.76,590509,2024-08-15 04:00:00,216.09699999999998,217.0224,0.013530579108785856
2024-08-16,42388970.0,225.4078,223.92,226.05,226.8271,223.6501,562568,2024-08-16 04:00:00,216.71599999999998,217.62599999999998,0.005918476326094657
2024-08-19,39167926.0,224.8178,225.72,225.89,225.99,223.04,606301,2024-08-19 04:00:00,218.37800000000001,218.25420000000003,-0.0007078080070781478
2024-08-20,29528757.0,226.5304,225.77,226.51,227.17,225.45,498745,2024-08-20 04:00:00,220.30599999999998,218.84660000000002,0.002744698747177754
2024-08-21,33953349.0,226.4472,226.52,226.4,227.98,225.05,506589,2024-08-21 04:00:00,221.964,219.5122,-0.0004856297735198467
2024-08-22,38144864.0,225.6144,227.79,224.53,228.34,223.9,586130,2024-08-22 04:00:00,223.086,219.8598,-0.008259717314487602
2024-08-23,38051965.0,226.5769,225.6589,226.84,228.22,224.33,555099,2024-08-23 04:00:00,224.14600000000002,220.1352,0.010288157484523275
2024-08-26,27855445.0,225.9536,226.76,227.18,227.28,223.8905,565367,2024-08-26 04:00:00,225.11100000000002,220.394,0.0014988538176687882
2024-08-27,35071175.0,227.7868,225.995,228.03,228.85,224.89,491807,2024-08-27 04:00:00,225.78699999999998,220.7048,0.003741526542829554
2024-08-28,36936833.0,227.4445,227.92,226.49,229.86,225.68,563091,2024-08-28 04:00:00,226.26399999999998,220.9012,-0.006753497346840276
2024-08-29,51072782.0,231.0131,230.1,229.79,232.92,228.88,723070,2024-08-29 04:00:00,226.77100000000002,221.2112,0.014570179698882857
2024-08-30,50340308.0,228.9102,230.19,229.0,230.4,227.48,594026,2024-08-30 04:00:00,227.06599999999997,221.59759999999997,-0.003437921580573544
2024-09-03,49286866.0,223.8154,228.55,222.77,229.0,221.17,813544,2024-09-03 04:00:00,226.754,221.9032,-0.027205240174672407
2024-09-04,42699700.0,219.9426,221.66,220.85,221.78,217.48,679903,2024-09-04 04:00:00,226.18800000000002,222.15740000000002,-0.008618754769493253
2024-09-05,34772036.0,223.133,221.625,222.38,225.48,221.52,587991,2024-09-05 04:00:00,225.786,222.42359999999996,0.0069277790355444235
2024-09-06,45965359.0,221.6809,223.95,220.82,225.24,219.77,663919,2024-09-06 04:00:00,225.41500000000002,222.575,-0.007015019336271244
2024-09-09,65865433.0,219.3513,220.82,220.91,221.27,216.71,945401,2024-09-09 04:00:00,224.82200000000003,222.71120000000002,0.0004075717779186139
2024-09-10,51131372.0,219.5763,218.92,220.11,221.48,216.73,684884,2024-09-10 04:00:00,224.115,222.90099999999998,-0.003621384274138717
2024-09-11,42551999.0,221.1679,221.455,222.66,223.09,217.89,609436,2024-09-11 04:00:00,223.57800000000003,223.01919999999998,0.011585116532642603
2024-09-12,36818998.0,222.3887,222.5,222.77,223.55,219.82,556880,2024-09-12 04:00:00,223.206,223.0692,0.0004940267672686183
2024-09-13,36462779.0,222.925,223.58,222.5,224.04,221.91,541838,2024-09-13 04:00:00,222.477,223.0882,-0.0012120123894600043
2024-09-16,58316431.0,215.9298,216.54,216.32,217.22,213.92,870701,2024-09-16 04:00:00,221.209,222.8878,-0.027775280898876487
2024-09-17,44001409.0,216.1735,215.75,216.79,216.9,214.5,651393,2024-09-17 04:00:00,220.61100000000002,222.6672,0.0021727071005916976
2024-09-18,59023399.0,220.4441,217.55,220.69,222.71,217.54,832968,2024-09-18 04:00:00,220.59499999999997,222.50740000000002,0.01798975967526184
2024-09-19,65015591.0,228.385,224.99,228.87,229.82,224.63,808483,2024-09-19 04:00:00,221.244,222.42520000000002,0.03706556708505149
2024-09-20,278588717.0,229.0164,229.97,228.2,233.09,227.62,971653,2024-09-20 04:00:00,221.98199999999997,222.43780000000004,-0.0029274260497226257
2024-09-23,50709047.0,227.0625,227.34,226.47,229.45,225.81,693243,2024-09-23 04:00:00,222.538,222.3564,-0.007581069237510896
2024-09-24,41499749.0,227.2442,228.645,227.37,229.35,225.73,519517,2024-09-24 04:00:00,223.26399999999998,222.21580000000003,0.003974036296198191
2024-09-25,39976689.0,225.8328,224.93,226.37,227.29,224.02,564547,2024-09-25 04:00:00,223.635,222.0468,-0.004398117605664775
2024-09-26,34812774.0,227.2682,227.3,227.52,228.5,225.41,433069,2024-09-26 04:00:00,224.10999999999999,222.0196,0.005080178468878316
2024-09-27,31421839.0,228.1557,228.46,227.79,229.52,227.3,504046,2024-09-27 04:00:00,224.63900000000004,222.0918,0.0011867088607593335
2024-09-30,52877673.0,231.9696,230.04,233.0,233.0,229.65,710005,2024-09-30 04:00:00,226.30699999999996,222.26559999999998,0.022871943456692634
2024-10-01,59761880.0,225.9623,229.52,226.21,229.65,223.74,832034,2024-10-01 04:00:00,227.24899999999997,222.31060000000002,-0.02914163090128752
2024-10-02,31929459.0,226.0301,225.89,226.78,227.37,223.02,504646,2024-10-02 04:00:00,227.858,222.34600000000003,0.0025197825029839027
2024-10-03,32633355.0,224.9801,225.14,225.67,226.805,223.32,516279,2024-10-03 04:00:00,227.538,222.48860000000002,-0.004894611517770597
2024-10-04,35647254.0,225.8453,227.9,226.8,228.0,224.13,558114,2024-10-04 04:00:00,227.398,222.6748,0.005007311561129102
2024-10-07,37595470.0,223.3102,224.5,221.69,225.69,221.33,607187,2024-10-07 04:00:00,226.92,222.74940000000004,-0.02253086419753092
2024-10-08,30387437.0,225.0202,224.3,225.77,225.98,223.25,495458,2024-10-08 04:00:00,226.76,222.9,0.018404077766250193
2024-10-09,31586075.0,228.2639,225.23,229.54,229.75,224.83,519212,2024-10-09 04:00:00,227.077,223.1148,0.01669840988616733
2024-10-10,27135650.0,228.5405,227.78,229.04,229.5,227.17,446786,2024-10-10 04:00:00,227.22899999999998,223.25400000000002,-0.002178269582643555
2024-10-11,30412936.0,228.0383,229.3,227.55,229.41,227.34,485404,2024-10-11 04:00:00,227.205,223.43779999999998,-0.006505413901501833
2024-10-14,34386471.0,230.6959,228.7,231.3,231.73,228.6,580463,2024-10-14 04:00:00,227.035,223.6666,0.016479894528675043
2024-10-15,60799239.0,234.85,233.61,233.85,237.49,232.37,827448,2024-10-15 04:00:00,227.79899999999998,224.1582,0.011024643320363126
2024-10-16,33354125.0,231.0936,231.6,231.78,232.12,229.84,551037,2024-10-16 04:00:00,228.29900000000004,224.6492,-0.008851828094932568
2024-10-17,29019084.0,232.0685,233.43,232.15,233.85,230.52,487565,2024-10-17 04:00:00,228.94700000000003,225.09580000000003,0.0015963413581845387
2024-10-18,43643976.0,235.2273,236.18,235.0,236.18,234.01,562442,2024-10-18 04:00:00,229.767,225.5296,0.012276545337066569
2024-10-21,34128130.0,235.9263,234.45,236.48,236.85,234.45,538639,2024-10-21 04:00:00,231.246,225.93439999999998,0.006297872340425448
2024-10-22,35412947.0,234.8426,233.885,235.86,236.22,232.6,489115,2024-10-22 04:00:00,232.25500000000002,226.30100000000002,-0.0026217861975641465
2024-10-23,51447561.0,231.1335,234.08,230.76,235.144,227.76,721999,2024-10-23 04:00:00,232.377,226.4908,-0.021622996692953533
2024-10-24,28895111.0,230.0667,229.98,230.57,230.82,228.41,490738,2024-10-24 04:00:00,232.53000000000003,226.6678,-0.0008233662679840714
2024-10-25,36791251.0,231.6772,229.74,231.41,233.22,229.57,551600,2024-10-25 04:00:00,232.916,226.8016,0.0036431452487313276
2024-10-28,32964281.0,233.5717,233.32,233.4,234.73,232.55,557059,2024-10-28 04:00:00,233.12600000000003,226.9486,0.00859945551186203
2024-10-29,31895656.0,233.5864,233.1,233.67,234.325,232.32,484029,2024-10-29 04:00:00,233.10800000000003,227.1042,0.0011568123393315144
2024-10-30,44279666.0,230.9294,232.61,230.1,233.2299,229.55,593539,2024-10-30 04:00:00,232.94,227.176,-0.015277956091924505
2024-10-31,60034650.0,226.6984,229.34,225.91,229.83,225.37,767796,2024-10-31 04:00:00,232.31599999999997,227.1662,-0.018209474141677506
2024-11-01,61791843.0,222.8069,220.965,222.91,225.35,220.27,859056,2024-11-01 04:00:00,231.10699999999997,227.1338,-0.01327962462927712
2024-11-04,40921729.0,221.7547,220.99,222.01,222.79,219.71,647102,2024-11-04 05:00:00,229.66,227.0372,-0.004037503925351071
2024-11-05,27254038.0,223.094,221.795,223.45,223.95,221.14,501988,2024-11-05 05:00:00,228.41899999999995,226.9626,0.006486194315571403
2024-11-06,51811157.0,223.8587,222.61,222.72,226.065,221.19,796494,2024-11-06 05:00:00,227.615,226.8564,-0.0032669501006936663
2024-11-07,40121817.0,226.7564,224.625,227.48,227.875,224.57,623113,2024-11-07 05:00:00,227.30599999999998,226.87619999999998,0.021372126436781658
2024-11-08,36726907.0,227.2234,227.17,226.96,228.66,226.405,541011,2024-11-08 05:00:00,226.86100000000002,226.81960000000004,-0.0022859152452961995
2024-11-11,39502207.0,223.4111,225.0,224.23,225.7,221.5,555026,2024-11-11 05:00:00,225.94399999999996,226.72420000000002,-0.012028551286570432
2024-11-12,37632672.0,224.3829,224.55,224.23,225.59,223.355,462513,2024-11-12 05:00:00,225.0,226.7534,0.0
2024-11-13,43061316.0,224.8974,224.01,225.12,226.65,222.76,467151,2024-11-13 05:00:00,224.502,226.83880000000002,0.0039691388306650754
2024-11-14,41725049.0,227.3879,225.02,228.22,228.87,225.0,491961,2024-11-14 05:00:00,224.733,226.9556,0.01377043354655294
2024-11-15,45374616.0,225.0903,226.4,225.0,226.92,224.27,451195,2024-11-15 05:00:00,224.942,227.0392,-0.014109192884059207
2024-11-18,41049409.0,228.0885,225.25,228.02,229.74,225.17,437675,2024-11-18 05:00:00,225.54299999999998,227.1814,0.013422222222222224
2024-11-19,34221103.0,228.6862,226.98,228.28,230.16,226.66,364844,2024-11-19 05:00:00,226.026,227.3448,0.0011402508551880963
2024-11-20,33560741.0,228.0359,228.06,229.0,229.93,225.89,358379,2024-11-20 05:00:00,226.654,227.4716,0.0031540213772560666
2024-11-21,38582294.0,228.4642,228.88,228.52,230.155,225.7103,431589,2024-11-21 05:00:00,226.75799999999998,227.5866,-0.002096069868995576
2024-11-22,35459680.0,229.6738,228.06,229.87,230.7199,228.06,380543,2024-11-22 05:00:00,227.04900000000004,227.734,0.005907579205321145
2024-11-25,79840237.0,232.2878,231.46,232.87,233.245,229.74,510511,2024-11-25 05:00:00,227.913,228.065,0.013050854830991332
2024-11-26,44049660.0,234.7366,233.33,235.06,235.57,233.33,449908,2024-11-26 05:00:00,228.996,228.43040000000002,0.00940438871473348
2024-11-27,31604402.0,234.7888,234.465,234.93,235.69,233.8101,339772,2024-11-27 05:00:00,229.977,228.71519999999998,-0.0005530502850336072
2024-11-29,25317735.0,236.5349,234.805,237.33,237.81,233.97,268866,2024-11-29 05:00:00,230.888,228.88440000000003,0.010215808964372464
2024-12-02,40549156.0,239.4822,237.27,239.59,240.79,237.16,469551,2024-12-02 05:00:00,232.34699999999998,229.11219999999997,0.009522605654573857
2024-12-03,36257276.0,241.5718,239.81,242.65,242.76,238.9,419286,2024-12-03 05:00:00,233.81,229.43580000000003,0.012771818523310774
2024-12-04,39533068.0,242.9068,242.87,243.01,244.11,241.25,406580,2024-12-04 05:00:00,235.283,229.7486,0.0014836183803832448
2024-12-05,35946469.0,243.0041,243.99,243.04,244.54,242.13,401171,2024-12-05 05:00:00,236.68700000000004,230.082,0.00012345170980609943
2024-12-06,34194099.0,243.2142,242.905,242.84,244.63,242.08,366463,2024-12-06 05:00:00,238.119,230.3884,-0.0008229098090848375
2024-12-09,40927114.0,245.9999,241.83,246.75,247.24,241.75,500703,2024-12-09 05:00:00,239.80699999999996,230.76760000000002,0.016101136550815243
