t,v_MA,vw,o_MA,c_MA,h_MA,l_MA,n,t_a,MA_SMA_10,MA_SMA_50,MA_Returns
2023-12-11,2235989.0,415.3427,412.46,415.71,416.17,412.38,48119,2023-12-11 05:00:00,411.534,396.17580000000004,0.008613159937888026
2023-12-12,2736706.0,419.3677,417.0,420.75,421.0,414.7,51436,2023-12-12 05:00:00,412.70799999999997,396.6738,0.01212383632820968
2023-12-13,3694400.0,423.257,421.86,424.68,426.37,419.145,65278,2023-12-13 05:00:00,414.19399999999996,397.3462,0.00934046345811046
2023-12-14,3977225.0,419.5789,425.01,418.56,425.85,415.9,90384,2023-12-14 05:00:00,414.66700000000003,397.8422,-0.014410850522746599
2023-12-15,5566617.0,417.3309,412.62,418.57,419.26,411.6,68406,2023-12-15 05:00:00,415.088,398.32959999999997,2.389143730874288e-05
2023-12-18,2686978.0,423.6566,419.53,424.43,425.09,419.53,53070,2023-12-18 05:00:00,416.70799999999997,398.8588,0.014000047781733027
2023-12-19,2256348.0,424.9332,424.05,425.47,426.6799,422.52,46251,2023-12-19 05:00:00,418.3860000000001,399.47339999999997,0.002450345168814705
2023-12-20,3058344.0,422.8747,425.08,419.45,427.61,419.24,58643,2023-12-20 05:00:00,419.293,399.855,-0.014149058688039173
2023-12-21,2213253.0,422.5196,421.79,423.44,423.9,420.61,47652,2023-12-21 05:00:00,420.322,400.3276,0.009512456788651757
2023-12-22,1759004.0,424.5927,424.75,424.1,427.165,422.96,37601,2023-12-22 05:00:00,421.51599999999996,400.81160000000006,0.001558662384281151
2023-12-26,1258302.0,423.77,425.0,423.67,425.715,422.95,32821,2023-12-26 05:00:00,422.312,401.3244,-0.0010139118132516112
2023-12-27,1324203.0,424.2136,423.0,424.36,425.0125,422.96,36577,2023-12-27 05:00:00,422.67300000000006,401.7884,0.0016286260532962782
2023-12-28,1505039.0,426.474,423.77,426.32,428.36,423.68,42081,2023-12-28 05:00:00,422.837,402.2794,0.004618719954755379
2023-12-29,1706284.0,426.4248,426.68,426.51,428.35,424.27,38322,2023-12-29 05:00:00,423.63199999999995,402.94539999999995,0.00044567461062117175
2024-01-02,2463746.0,421.645,424.09,421.89,424.28,419.56,59400,2024-01-02 05:00:00,423.96400000000006,403.6258,-0.010832102412604683
2024-01-03,3093684.0,419.4928,421.2,418.77,421.34,417.5001,46933,2024-01-03 05:00:00,423.39799999999997,404.31299999999993,-0.0073952926118182605
2024-01-04,2042551.0,420.7658,418.5,419.77,423.45,418.28,47120,2024-01-04 05:00:00,422.828,405.035,0.0023879456503570484
2024-01-05,2416004.0,419.3941,420.49,419.42,422.76,416.99,49296,2024-01-05 05:00:00,422.825,405.68520000000007,-0.0008337899325820963
2024-01-08,2125446.0,420.252,419.44,421.98,422.08,416.53,55680,2024-01-08 05:00:00,422.679,406.3986,0.006103666968670929
2024-01-09,2439387.0,422.0936,419.1,422.6,423.7,418.54,47283,2024-01-09 05:00:00,422.529,407.55879999999996,0.0014692639461586499
2024-01-10,2709369.0,426.5588,426.0,428.27,429.47,424.1501,57253,2024-01-10 05:00:00,422.9889999999999,408.8426,0.013416942735447135
2024-01-11,2313119.0,427.3432,430.0,426.72,431.79,425.77,50167,2024-01-11 05:00:00,423.225,409.9286,-0.003619212179232667
2024-01-12,1892426.0,429.059,429.95,429.1,431.11,427.7,45207,2024-01-12 05:00:00,423.503,410.9836,0.005577427821522374
2024-01-16,2397988.0,428.2876,427.44,428.35,429.73,426.52,51982,2024-01-16 05:00:00,423.687,411.99420000000003,-0.0017478443253320375
2024-01-17,2690522.0,427.8346,425.48,427.42,430.3793,425.48,50791,2024-01-17 05:00:00,424.23999999999995,412.88879999999995,-0.0021711217462355714
2024-01-18,2075759.0,429.9274,428.64,430.72,431.22,427.45,48055,2024-01-18 05:00:00,425.43500000000006,413.7822,0.007720743063029278
2024-01-19,2400409.0,435.1158,432.55,436.78,437.07,429.34,54462,2024-01-19 05:00:00,427.13599999999997,414.7946,0.014069465081723465
2024-01-22,2715618.0,439.4756,438.98,439.75,440.94,437.26,50175,2024-01-22 05:00:00,429.169,415.8122,0.006799761893859779
2024-01-23,2328662.0,438.7891,440.27,438.76,440.6,437.86,46013,2024-01-23 05:00:00,430.84700000000004,416.7934,-0.0022512791358726414
2024-01-24,2725669.0,439.0624,438.53,438.7,440.925,435.755,57358,2024-01-24 05:00:00,432.457,417.8082,-0.00013674901996540978
2024-01-25,2977825.0,436.6933,436.0,436.8,438.63,434.46,65034,2024-01-25 05:00:00,433.31000000000006,418.6566,-0.004330977889218102
2024-01-26,2725548.0,437.6907,432.55,438.53,439.89,430.67,60198,2024-01-26 05:00:00,434.491,419.5402,0.0039606227106225855
2024-01-29,2314246.0,438.8452,435.78,440.58,440.96,434.67,60866,2024-01-29 05:00:00,435.63899999999995,420.3988,0.004674708685836748
2024-01-30,2663616.0,444.3773,440.9,445.19,446.215,440.05,63151,2024-01-30 05:00:00,437.323,421.366,0.010463479958236821
2024-01-31,4740634.0,451.3382,450.0,449.23,462.0,446.62,102254,2024-01-31 05:00:00,439.504,422.4086,0.009074777061479411
2024-02-01,3292697.0,458.7959,455.0,460.92,461.14,454.045,80990,2024-02-01 05:00:00,442.524,423.621,0.026022304832713727
2024-02-02,2050335.0,461.4976,462.21,460.58,463.84,458.5,52619,2024-02-02 05:00:00,444.904,424.7446,-0.0007376551245336094
2024-02-05,2438961.0,457.2068,459.51,456.76,461.3674,455.5279,56696,2024-02-05 05:00:00,446.605,425.70079999999996,-0.008293890312215058
2024-02-06,2201912.0,458.5934,455.36,460.5,460.56,455.36,45760,2024-02-06 05:00:00,448.779,426.70419999999996,0.008188107540064715
2024-02-07,2544469.0,461.4052,461.21,461.91,462.235,459.615,54438,2024-02-07 05:00:00,451.1,427.69239999999996,0.003061889250814298
2024-02-08,2081511.0,458.5689,460.0,458.26,460.75,457.445,48089,2024-02-08 05:00:00,453.246,428.6782,-0.007901972245675681
2024-02-09,2155449.0,457.8822,458.06,457.88,458.985,456.37,51331,2024-02-09 05:00:00,455.1809999999999,429.65560000000005,-0.0008292235848644802
2024-02-12,1773733.0,458.3704,459.18,458.71,459.4,456.08,42122,2024-02-12 05:00:00,456.99399999999997,430.63340000000005,0.001812702017995882
2024-02-13,2407755.0,459.6464,456.76,460.46,461.88,456.04,55343,2024-02-13 05:00:00,458.521,431.566,0.0038150465435677905
2024-02-14,2202784.0,463.3462,462.0,465.19,465.45,459.435,48626,2024-02-14 05:00:00,460.117,432.58259999999996,0.010272336359292922
2024-02-15,2354215.0,470.2176,465.83,471.28,472.105,465.23,54287,2024-02-15 05:00:00,461.15299999999996,433.8436,0.01309142500913607
2024-02-16,2237275.0,469.8365,474.17,468.13,474.17,467.065,52446,2024-02-16 05:00:00,461.908,435.0324,-0.006683924630792704
2024-02-20,5044210.0,452.9559,452.8,451.75,455.85,450.12,102317,2024-02-20 05:00:00,461.407,435.85979999999995,-0.034990280477645075
2024-02-21,2896527.0,457.0934,453.31,459.05,459.595,452.0,61124,2024-02-21 05:00:00,461.262,436.77780000000007,0.016159380188157213
2024-02-22,2572782.0,469.8694,461.81,471.56,472.5,461.58,59923,2024-02-22 05:00:00,462.227,437.96579999999994,0.027251933340594725
2024-02-23,1764216.0,473.5644,473.73,473.42,475.1672,471.86,43352,2024-02-23 05:00:00,463.74300000000005,439.12,0.003944354907116754
2024-02-26,2066883.0,474.2567,473.0,474.51,475.075,472.0,45987,2024-02-26 05:00:00,465.40600000000006,440.19519999999994,0.002302395336065244
2024-02-27,2011129.0,473.2922,474.55,474.75,475.0,469.95,51933,2024-02-27 05:00:00,467.01000000000005,441.1966,0.0005057849149650018
2024-02-28,1931986.0,477.1559,474.17,478.85,479.14,473.67,48398,2024-02-28 05:00:00,468.849,442.40240000000006,0.008636124275934742
2024-02-29,3072717.0,474.7986,478.0,474.76,478.39,472.05,55315,2024-02-29 05:00:00,469.8059999999999,443.5262,-0.008541296857053404
2024-03-01,1748452.0,476.0533,474.91,476.63,477.5,473.9,47025,2024-03-01 05:00:00,470.341,444.57020000000006,0.003938832252085245
2024-03-04,3212483.0,469.4106,475.67,468.49,476.63,465.765,72327,2024-03-04 05:00:00,470.37699999999995,445.43059999999997,-0.017078236787445134
2024-03-05,2015063.0,467.0945,467.37,467.52,469.2435,464.62,55789,2024-03-05 05:00:00,471.954,446.392,-0.0020704817605499137
2024-03-06,1917151.0,471.2472,467.16,471.6,473.62,467.16,48589,2024-03-06 05:00:00,473.209,447.3552,0.008726899383983744
2024-03-07,2178103.0,467.717,473.2,467.54,473.27,465.89,50980,2024-03-07 05:00:00,472.8070000000001,448.22399999999993,-0.00860899067005938
2024-03-08,1596884.0,469.6093,467.1,469.26,471.62,467.1,48864,2024-03-08 05:00:00,472.39099999999996,449.1358,0.0036788296188561276
2024-03-11,1774642.0,468.4706,469.0,469.16,469.37,464.69,39652,2024-03-11 04:00:00,471.85599999999994,450.0318,-0.00021310147892417142
2024-03-12,1853933.0,472.6392,470.53,472.87,474.37,468.71,42223,2024-03-12 04:00:00,471.668,450.9628,0.007907750021314719
2024-03-13,2103955.0,475.1543,474.23,475.61,476.16,472.78,41022,2024-03-13 04:00:00,471.34399999999994,451.94480000000004,0.005794404381753937
2024-03-14,2757821.0,479.3439,481.02,479.48,482.0,477.1784,62327,2024-03-14 04:00:00,471.816,453.09659999999997,0.008136918904144252
2024-03-15,4179328.0,475.6124,473.34,475.83,478.46,473.08,52389,2024-03-15 04:00:00,471.73600000000005,454.23780000000005,-0.007612413447901978
2024-03-18,2072323.0,479.1167,478.64,478.89,480.82,476.65,46092,2024-03-18 04:00:00,472.776,455.4202,0.006430868167202508
2024-03-19,2049644.0,482.914,481.62,484.0,484.61,479.51,40229,2024-03-19 04:00:00,474.424,456.7118,0.010670508885130214
2024-03-20,1691084.0,486.3968,484.32,488.04,488.45,483.64,43149,2024-03-20 04:00:00,476.0679999999999,458.033,0.008347107438016588
2024-03-21,2580338.0,488.6636,488.53,488.64,490.0,483.4,54863,2024-03-21 04:00:00,478.178,459.35380000000004,0.001229407425620721
2024-03-22,2277794.0,482.9313,488.31,481.67,488.89,481.46,51785,2024-03-22 04:00:00,479.41900000000004,460.4218,-0.014264079895219273
2024-03-25,2599121.0,477.1738,481.6,476.04,482.32,474.4111,52688,2024-03-25 04:00:00,480.1070000000001,461.4082,-0.011688500425602544
2024-03-26,2515051.0,476.8496,477.72,476.8,480.0,472.305,48945,2024-03-26 04:00:00,480.5,462.36220000000003,0.001596504495420481
2024-03-27,2309507.0,477.5412,480.5,477.95,482.16,474.75,47906,2024-03-27 04:00:00,480.73400000000004,463.3542,0.002411912751677736
2024-03-28,2214542.0,480.8202,477.91,481.57,482.43,477.275,46251,2024-03-28 04:00:00,480.94300000000004,464.4372,0.00757401401820279
2024-04-01,1648343.0,478.7702,480.66,478.4,483.28,477.33,44327,2024-04-01 04:00:00,481.2,465.3908,-0.006582635961542516
2024-04-02,3265212.0,478.9536,476.97,479.43,480.41,476.3,47460,2024-04-02 04:00:00,481.254,466.2438,0.0021530100334448132
2024-04-03,2265162.0,479.0713,480.44,477.42,483.3,477.21,46412,2024-04-03 04:00:00,480.596,466.9972,-0.004192478568299851
2024-04-04,2552759.0,473.3438,479.97,469.77,481.96,469.0,46661,2024-04-04 04:00:00,478.76900000000006,467.6174,-0.01602362699509874
2024-04-05,2462740.0,476.83,474.0,477.15,479.31,472.53,50319,2024-04-05 04:00:00,477.62,468.3864000000001,0.015709815441599106
2024-04-08,1961897.0,478.0513,476.4,478.85,479.68,474.28,46885,2024-04-08 04:00:00,477.338,469.2274,0.003562820915854692
2024-04-09,2218019.0,471.028,477.97,472.16,478.89,467.83,59621,2024-04-09 04:00:00,476.95,469.9,-0.01397097212070586
2024-04-10,2710709.0,470.9653,470.17,469.17,474.385,468.85,53605,2024-04-10 04:00:00,476.187,470.47180000000003,-0.006332599118942794
2024-04-11,2299867.0,467.642,468.28,468.31,470.3482,464.19,53600,2024-04-11 04:00:00,475.22299999999996,470.9342,-0.0018330242769145633
2024-04-12,2486361.0,465.7427,466.0,465.38,469.52,462.11,47264,2024-04-12 04:00:00,473.604,471.2572,-0.006256539471717448
2024-04-15,2013548.0,462.3521,470.24,459.79,471.0,458.43,47381,2024-04-15 04:00:00,471.74299999999994,471.23460000000006,-0.012011689372125933
2024-04-16,1722984.0,460.7455,460.0,459.82,463.38,459.0,44391,2024-04-16 04:00:00,469.78200000000004,471.2194,6.52471780595576e-05
2024-04-17,1682288.0,460.5245,462.77,460.16,463.41,458.15,40385,2024-04-17 04:00:00,468.05600000000004,471.28740000000005,0.0007394197729546637
2024-04-18,1805777.0,456.5348,460.5,454.7,461.91,453.8,50250,2024-04-18 04:00:00,466.549,471.1714,-0.011865438108484061
2024-04-19,2407813.0,455.0299,458.89,455.39,459.86,452.585,53870,2024-04-19 04:00:00,464.37300000000005,471.04100000000005,0.00151748405542107
2024-04-22,2047665.0,457.1936,457.5,456.75,460.74,455.13,50203,2024-04-22 04:00:00,462.163,471.0108,0.0029864511737192068
2024-04-23,1956895.0,461.6526,458.48,462.82,462.98,457.31,55545,2024-04-23 04:00:00,461.229,471.1096,0.013289545703338845
2024-04-24,3845251.0,462.7754,465.29,462.5,468.15,460.35,70616,2024-04-24 04:00:00,460.562,471.1854,-0.0006914135084914452
2024-04-25,1932201.0,460.8424,460.94,462.11,464.0,456.72,51242,2024-04-25 04:00:00,459.942,471.21840000000003,-0.0008432432432432524
2024-04-26,1935576.0,462.5681,462.91,462.42,464.82,460.94,48185,2024-04-26 04:00:00,459.646,471.163,0.0006708359481508719
2024-04-29,2065626.0,457.7036,460.95,457.1,461.59,455.6829,52368,2024-04-29 04:00:00,459.37700000000007,470.8794,-0.01150469270360277
2024-04-30,2620551.0,453.1573,456.26,451.2,457.72,450.88,61464,2024-04-30 04:00:00,458.515,470.5408,-0.012907460074382038
2024-05-01,4933955.0,444.5541,445.8,442.07,448.98,438.38,103867,2024-05-01 04:00:00,456.70599999999996,470.3472,-0.020234929078014163
2024-05-02,3801893.0,440.8069,443.0,441.1,444.655,438.05,80629,2024-05-02 04:00:00,455.346,469.9882,-0.00219422263442437
2024-05-03,3662803.0,442.3021,444.91,443.58,445.26,436.9,72891,2024-05-03 04:00:00,454.16499999999996,469.4286,0.0056223078666968185
2024-05-06,2433361.0,448.0213,447.23,449.37,450.4999,445.56,60956,2024-05-06 04:00:00,453.427,468.9476,0.013052887866901175
2024-05-07,2200379.0,451.5716,451.76,453.06,453.3,447.525,60532,2024-05-07 04:00:00,452.451,468.5186,0.008211496094532311
2024-05-08,2129021.0,453.2761,454.0,454.77,455.11,449.915,48784,2024-05-08 04:00:00,451.678,468.119,0.003774334525228351
2024-05-09,1907376.0,455.0914,453.55,455.49,456.025,453.55,47960,2024-05-09 04:00:00,451.01599999999996,467.6518,0.0015832178903623095
2024-05-10,1672377.0,456.7555,457.33,456.98,458.58,454.98,44172,2024-05-10 04:00:00,450.4719999999999,467.2962,0.003271202441326837
2024-05-13,1955473.0,457.5691,456.93,457.76,458.72,455.505,53999,2024-05-13 04:00:00,450.538,466.9188,0.0017068580681867118
2024-05-14,2843266.0,452.9015,457.92,454.2,458.98,449.3,60806,2024-05-14 04:00:00,450.838,466.63300000000004,-0.007777001048584364
2024-05-15,2186601.0,457.1008,452.79,458.0,458.6,452.79,55582,2024-05-15 04:00:00,452.4309999999999,466.4426,0.008366358432408738
2024-05-16,2340899.0,460.9463,460.0,458.87,464.93,458.82,56715,2024-05-16 04:00:00,454.20799999999997,466.18799999999993,0.0018995633187772754
2024-05-17,1866036.0,460.2532,460.45,460.27,461.685,458.11,44895,2024-05-17 04:00:00,455.87700000000007,466.0426,0.0030509730424739256
2024-05-20,1314634.0,460.1061,459.48,459.66,462.22,458.78,37440,2024-05-20 04:00:00,456.90600000000006,465.8506,-0.0013253090577268756
2024-05-21,1961425.0,457.8858,457.91,459.1,460.3899,455.63,46708,2024-05-21 04:00:00,457.50999999999993,465.6494,-0.0012182917808815086
2024-05-22,1677832.0,458.2946,458.9,456.52,462.5,455.165,44764,2024-05-22 04:00:00,457.68500000000006,465.32239999999996,-0.005619690699194213
2024-05-23,1903777.0,452.6537,456.52,451.21,458.05,450.44,53697,2024-05-23 04:00:00,457.25700000000006,464.8344,-0.011631472881801441
2024-05-24,2071704.0,451.4176,452.51,451.18,454.45,450.32,56157,2024-05-24 04:00:00,456.677,464.26840000000004,-6.648788812302353e-05
2024-05-28,2616323.0,444.9067,450.0,445.08,450.625,442.395,63213,2024-05-28 04:00:00,455.409,463.6534,-0.013520102841438009
2024-05-29,1754630.0,443.2499,442.11,442.47,444.555,441.8,48193,2024-05-29 04:00:00,454.236,462.925,-0.005864114316527225
2024-05-30,2041900.0,442.6765,442.21,442.1,444.19,440.67,49467,2024-05-30 04:00:00,452.646,462.087,-0.0008362148846249307
2024-05-31,3516221.0,444.7668,442.69,447.07,447.34,439.255,59262,2024-05-31 04:00:00,451.466,461.26759999999996,0.01124180049762491
2024-06-03,2012339.0,441.7385,443.48,443.19,445.0,437.885,58810,2024-06-03 04:00:00,449.758,460.3586,-0.008678730400160983
2024-06-04,2033290.0,443.4234,443.36,444.77,444.88,441.32,51465,2024-06-04 04:00:00,448.26900000000006,459.6206,0.0035650623885916666
2024-06-05,2074965.0,445.6508,446.8,446.66,447.565,442.305,51569,2024-06-05 04:00:00,447.025,459.033,0.004249387323785436
2024-06-06,1836850.0,448.0908,448.49,448.68,449.78,444.63,45994,2024-06-06 04:00:00,446.241,458.47060000000005,0.004522455559038185
2024-06-07,1593327.0,450.3722,449.45,449.79,453.0,447.26,47749,2024-06-07 04:00:00,446.099,457.9074,0.0024739235089596967
2024-06-10,1803646.0,448.1203,448.42,449.25,450.17,444.37,53751,2024-06-10 04:00:00,445.90600000000006,457.26099999999997,-0.00120056026145543
2024-06-11,1688463.0,447.6437,447.84,449.04,449.25,445.11,44202,2024-06-11 04:00:00,446.302,456.67379999999997,-0.000467445742904804
2024-06-12,2691634.0,445.0201,451.49,443.0,452.5,441.6,67594,2024-06-12 04:00:00,446.355,455.94519999999994,-0.013450917512916494
2024-06-13,2852158.0,443.0742,443.0,445.0,445.15,439.32,58049,2024-06-13 04:00:00,446.645,455.2968,0.004514672686230181
2024-06-14,2010107.0,443.8804,443.34,444.63,444.9588,441.2,44559,2024-06-14 04:00:00,446.401,454.79400000000004,-0.0008314606741572916
2024-06-17,2234041.0,446.6966,442.43,448.11,449.34,441.68,50212,2024-06-17 04:00:00,446.89300000000003,454.2132,0.007826732339248466
2024-06-18,2326590.0,449.2952,447.06,450.11,451.2,446.7,52943,2024-06-18 04:00:00,447.427,453.6384,0.004463189841779958
2024-06-20,2760201.0,451.5153,451.06,452.51,454.4808,448.36,62053,2024-06-20 04:00:00,448.012,453.2454,0.005332029948234895
2024-06-21,4659466.0,453.4112,452.19,454.85,455.3,450.26,54094,2024-06-21 04:00:00,448.629,452.959,0.005171156438531721
2024-06-24,2383635.0,458.8327,454.93,456.96,463.07,454.93,61123,2024-06-24 04:00:00,449.346,452.732,0.004638891942398526
2024-06-25,2377116.0,455.9659,458.48,455.65,460.305,453.795,45653,2024-06-25 04:00:00,449.98600000000005,452.5374,-0.0028667717086834354
2024-06-26,2197893.0,452.9949,452.75,452.38,454.6771,451.39,48235,2024-06-26 04:00:00,450.32,452.38919999999996,-0.0071765609568748
2024-06-27,3261405.0,444.5079,448.57,442.75,448.7,442.0,67758,2024-06-27 04:00:00,450.29499999999996,452.0478,-0.02128741323665939
2024-06-28,3814335.0,442.4752,444.64,441.16,448.3,438.72,70459,2024-06-28 04:00:00,449.91100000000006,451.6678,-0.003591191417278372
2024-07-01,3096933.0,437.9064,440.8,437.61,442.465,435.55,69598,2024-07-01 04:00:00,449.209,451.3260000000001,-0.008046967086771217
2024-07-02,1897312.0,441.5431,435.0,444.65,444.76,435.0,46327,2024-07-02 04:00:00,448.863,451.11119999999994,0.016087383743515815
2024-07-03,3167926.0,446.0212,445.32,448.18,449.285,444.275,37567,2024-07-03 04:00:00,448.66999999999996,450.93979999999993,0.007938828291915057
2024-07-05,2087003.0,448.3996,447.11,449.49,449.95,444.275,47641,2024-07-05 04:00:00,448.36800000000005,450.6732,0.002922932750234253
2024-07-08,1719408.0,446.5018,449.28,446.24,450.61,445.0,44990,2024-07-08 04:00:00,447.50699999999995,450.34799999999996,-0.007230416694475994
2024-07-09,1506840.0,445.0655,446.65,444.7,447.58,442.79,40609,2024-07-09 04:00:00,446.28100000000006,449.99979999999994,-0.0034510577267838904
2024-07-10,4622139.0,432.7773,434.61,433.64,437.41,429.05,96733,2024-07-10 04:00:00,444.08000000000004,449.4242,-0.024870699347875003
2024-07-11,3774173.0,434.9205,432.0,436.42,437.77,430.1101,62548,2024-07-11 04:00:00,442.48400000000004,449.01060000000007,0.006410847707776002
2024-07-12,2317387.0,439.5138,437.4,440.11,442.23,437.32,47137,2024-07-12 04:00:00,442.21999999999997,448.78880000000004,0.008455157875441044
2024-07-15,1669489.0,442.6776,440.33,444.0,444.4,438.74,46148,2024-07-15 04:00:00,442.504,448.82740000000007,0.008838699416054974
2024-07-16,2588478.0,442.8114,446.94,443.53,447.1584,439.7,53090,2024-07-16 04:00:00,443.096,448.876,-0.001058558558558631
2024-07-17,2888045.0,449.3962,442.4,451.16,451.52,442.06,53275,2024-07-17 04:00:00,443.747,449.0276,0.01720289495637295
2024-07-18,3232654.0,450.8992,448.75,448.72,455.43,447.48,54543,2024-07-18 04:00:00,443.80100000000004,449.0146,-0.005408280875964122
2024-07-19,2028319.0,446.1259,451.22,443.69,451.24,443.57,40638,2024-07-19 04:00:00,443.221,448.8272,-0.011209663041540474
2024-07-22,1999875.0,446.3961,445.41,447.94,448.85,443.25,46038,2024-07-22 04:00:00,443.39099999999996,448.69059999999996,0.009578759945006565
2024-07-23,2332775.0,442.8997,448.05,441.72,448.74,441.11,44350,2024-07-23 04:00:00,443.093,448.41519999999997,-0.01388578827521536
2024-07-24,3639730.0,431.8954,434.0,432.45,435.86,428.86,77151,2024-07-24 04:00:00,442.974,447.9246,-0.020986145069274764
2024-07-25,2327173.0,432.7717,433.94,429.6,437.7022,429.56,56567,2024-07-25 04:00:00,442.29200000000003,447.3614,-0.006590357266735958
2024-07-26,1966234.0,438.0885,432.28,438.18,440.7825,432.11,53440,2024-07-26 04:00:00,442.099,447.041,0.019972067039106145
2024-07-29,2170819.0,440.5933,438.8,441.3,442.92,435.42,42852,2024-07-29 04:00:00,441.829,446.707,0.007120361495275951
2024-07-30,2171819.0,446.1909,443.77,447.45,448.73,443.01,51705,2024-07-30 04:00:00,442.221,446.47860000000003,0.013936097892589983
2024-07-31,4212494.0,463.5214,462.0,463.71,474.0,457.54,86691,2024-07-31 04:00:00,443.476,446.5474,0.036339255782769087
2024-08-01,2401099.0,462.3691,465.46,462.41,467.5,459.19,59563,2024-08-01 04:00:00,444.84499999999997,446.60240000000005,-0.0028034763106250526
2024-08-02,3642323.0,462.3493,460.22,462.02,466.75,458.61,71576,2024-08-02 04:00:00,446.67800000000005,446.66079999999994,-0.0008434073657577201
2024-08-05,4262135.0,446.0567,455.0,442.0,461.295,439.5901,89768,2024-08-05 04:00:00,446.084,446.3704,-0.043331457512661764
2024-08-06,2587865.0,450.1875,443.22,448.3,455.45,442.11,57100,2024-08-06 04:00:00,446.742,446.3122,0.01425339366515832
2024-08-07,1928061.0,451.8759,450.53,449.84,456.92,449.04,44836,2024-08-07 04:00:00,448.48100000000005,446.2854,0.003435199643096132
2024-08-08,1524625.0,454.5914,452.24,455.58,456.27,451.03,42299,2024-08-08 04:00:00,451.079,446.4954,0.012760092477325236
2024-08-09,1557757.0,456.4707,455.58,456.78,458.8,453.46,39055,2024-08-09 04:00:00,452.93899999999996,446.78159999999997,0.0026340050046094188
2024-08-12,1582601.0,455.9689,457.77,455.69,458.46,453.89,33988,2024-08-12 04:00:00,454.378,447.0534,-0.002386269101098959
2024-08-13,1785799.0,458.0087,458.14,459.36,459.64,454.89,44607,2024-08-13 04:00:00,455.56899999999996,447.29920000000004,0.00805372073119881
2024-08-14,1605395.0,459.1973,459.26,460.16,460.54,456.07,33326,2024-08-14 04:00:00,455.21399999999994,447.6386,0.0017415534656914922
2024-08-15,2067599.0,467.4195,465.1,468.71,469.0,464.0,42517,2024-08-15 04:00:00,455.84399999999994,448.1174,0.018580493741307214
2024-08-16,1667010.0,468.5344,468.0,468.88,470.26,466.04,40784,2024-08-16 04:00:00,456.5299999999999,448.5618,0.0003626976168633611
2024-08-19,1644707.0,467.2588,469.0,466.98,470.15,465.52,43953,2024-08-19 04:00:00,459.02799999999996,448.9278,-0.004052209520559624
2024-08-20,1711264.0,468.1979,468.13,469.12,469.67,465.51,37948,2024-08-20 04:00:00,461.11,449.31440000000003,0.0045826373720501135
2024-08-21,2040987.0,467.3485,468.54,468.0,469.09,464.52,35858,2024-08-21 04:00:00,462.92600000000004,449.68940000000003,-0.0023874488403820004
2024-08-22,1499037.0,468.7658,469.49,468.82,470.91,466.7,39211,2024-08-22 04:00:00,464.25,450.085,0.0017521367521367015
2024-08-23,1748488.0,465.4926,470.3,466.44,470.34,461.9,41294,2024-08-23 04:00:00,465.216,450.55379999999997,-0.005076575231432123
2024-08-26,1401140.0,468.8644,468.1,468.64,470.53,467.0,33877,2024-08-26 04:00:00,466.51099999999997,451.02660000000003,0.0047165766229311235
2024-08-27,1573975.0,472.7422,471.08,474.99,475.5,468.22,37156,2024-08-27 04:00:00,468.07400000000007,451.63379999999995,0.013549846363946738
2024-08-28,1342463.0,472.4826,475.0,471.8,476.41,468.865,33784,2024-08-28 04:00:00,469.23799999999994,452.10759999999993,-0.006715930861702302
2024-08-29,1801396.0,479.2914,474.47,480.8,481.92,474.47,44998,2024-08-29 04:00:00,470.447,452.7214000000001,0.019075879610004343
2024-08-30,2661658.0,482.8172,481.84,483.34,485.74,479.65,44788,2024-08-30 04:00:00,471.89300000000003,453.338,0.005282861896838575
2024-09-03,1954828.0,483.3637,482.47,482.12,486.69,480.04,51959,2024-09-03 04:00:00,473.407,453.88340000000005,-0.0025241031158190763
2024-09-04,1995588.0,483.0318,482.09,483.14,486.17,481.18,43475,2024-09-04 04:00:00,474.809,454.407,0.002115655853314413
2024-09-05,2171207.0,476.5709,483.14,477.36,484.16,473.1101,54910,2024-09-05 04:00:00,475.745,454.8412,-0.011963406052075909
2024-09-06,1942100.0,476.5315,477.11,476.12,480.44,474.71,42821,2024-09-06 04:00:00,476.475,455.316,-0.002597620244679133
2024-09-09,2197408.0,486.1052,480.5,487.09,489.21,479.565,50862,2024-09-09 04:00:00,478.53999999999996,456.20279999999997,0.023040409980677135
2024-09-10,2054263.0,486.1942,487.1,488.02,488.33,482.33,46533,2024-09-10 04:00:00,480.47800000000007,457.14,0.0019092980763308898
2024-09-11,2351577.0,484.1929,486.52,488.18,489.11,477.84,52915,2024-09-11 04:00:00,481.7969999999999,458.15139999999997,0.00032785541576174637
2024-09-12,2121748.0,489.4682,486.95,492.11,492.88,483.0,49394,2024-09-12 04:00:00,483.8280000000001,459.10060000000004,0.008050309312138904
2024-09-13,2133454.0,494.3648,493.1,493.36,496.85,491.45,48177,2024-09-13 04:00:00,485.084,460.00419999999997,0.002540082501879759
2024-09-16,1536651.0,496.7224,495.3,497.71,498.32,493.39,42931,2024-09-16 04:00:00,486.521,460.9686,0.008817090968055608
2024-09-17,2126296.0,500.5946,498.6,500.99,501.74,497.85,50911,2024-09-17 04:00:00,488.408,462.0636,0.006590183038315489
2024-09-18,2104539.0,496.8804,501.28,494.76,501.8,494.04,48242,2024-09-18 04:00:00,489.57,463.06480000000005,-0.012435377951655724
2024-09-19,3439742.0,493.2713,500.0,493.01,501.13,486.25,68842,2024-09-19 04:00:00,491.13500000000005,464.2522,-0.0035370684776456773
2024-09-20,3145396.0,491.4815,489.65,492.74,493.53,487.74,48438,2024-09-20 04:00:00,492.797,465.3786,-0.0005476562341534263
2024-09-23,1971326.0,495.9096,493.16,497.14,497.69,491.3,43336,2024-09-23 04:00:00,493.802,466.51919999999996,0.008929658643503702
2024-09-24,3991144.0,487.6574,492.68,487.41,493.245,484.42,68965,2024-09-24 04:00:00,493.741,467.38739999999996,-0.019571951562939893
2024-09-25,3407014.0,487.4419,484.76,489.45,489.9,483.54,64091,2024-09-25 04:00:00,493.86800000000005,468.30580000000003,0.004185388071643814
2024-09-26,2980277.0,491.254,491.0,491.27,493.625,489.0,56101,2024-09-26 04:00:00,493.78399999999993,469.108,0.003718459495351878
2024-09-27,2058746.0,493.6453,491.03,493.64,496.0,490.39,46692,2024-09-27 04:00:00,493.812,470.0064,0.004824231074561869
2024-09-30,2713848.0,493.2944,491.78,493.8,494.99,490.11,45917,2024-09-30 04:00:00,493.421,471.0086,0.0003241228425574505
2024-10-01,2908888.0,495.6957,497.26,496.38,498.03,493.11,51416,2024-10-01 04:00:00,492.96000000000004,471.97740000000005,0.005224787363304895
2024-10-02,1663183.0,494.6795,492.94,495.57,495.91,489.68,42630,2024-10-02 04:00:00,493.041,473.05440000000004,-0.0016318143357911818
2024-10-03,1322013.0,494.7668,495.55,494.97,497.0875,493.0,37127,2024-10-03 04:00:00,493.23699999999997,474.30479999999994,-0.001210727041588422
2024-10-04,1871275.0,496.2978,495.56,497.7,499.05,492.47,43481,2024-10-04 04:00:00,493.733,475.6668,0.005515485787017216
2024-10-07,1817906.0,493.2373,497.33,491.3,498.53,490.75,41818,2024-10-07 04:00:00,493.149,476.7292,-0.012859152099658377
2024-10-08,1584679.0,495.8207,492.5,497.06,497.53,491.53,40000,2024-10-08 04:00:00,494.1139999999999,477.8444,0.011723997557500532
2024-10-09,1650094.0,499.2739,498.38,499.95,500.7499,495.59,44803,2024-10-09 04:00:00,495.16400000000004,478.8944,0.00581418742204165
2024-10-10,1385151.0,498.0605,500.0,498.02,500.7234,495.84,39564,2024-10-10 04:00:00,495.83900000000006,479.58060000000006,-0.0038603860386038358
2024-10-11,1833496.0,500.7578,496.51,502.26,502.92,496.465,41705,2024-10-11 04:00:00,496.701,480.3776,0.008513714308662212
2024-10-14,2092386.0,506.6113,504.36,506.66,508.79,502.05,41683,2024-10-14 04:00:00,497.98699999999997,481.2704,0.008760402978537085
2024-10-15,2562411.0,507.5916,505.62,507.23,509.88,504.0,61296,2024-10-15 04:00:00,499.07199999999995,482.575,0.0011250148028263407
2024-10-16,2903184.0,511.7034,506.35,514.07,515.4025,506.0,53139,2024-10-16 04:00:00,500.922,483.89039999999994,0.013485006801648325
2024-10-17,1900591.0,513.5158,516.29,513.76,517.045,511.52,45668,2024-10-17 04:00:00,502.80100000000004,485.1688,-0.0006030307156613679
2024-10-18,2298819.0,515.9863,514.54,516.34,518.0,512.58,55872,2024-10-18 04:00:00,504.66499999999996,486.384,0.005021800062285919
2024-10-21,1967391.0,515.6061,516.99,515.01,518.82,513.9401,42665,2024-10-21 04:00:00,507.03599999999994,487.5486,-0.0025758221327033537
2024-10-22,1641992.0,512.8134,511.15,513.02,514.55,510.5,38586,2024-10-22 04:00:00,508.63200000000006,488.69519999999994,-0.0038640026407253947
2024-10-23,1683128.0,513.6701,512.66,513.73,514.7199,511.9,41498,2024-10-23 04:00:00,510.00999999999993,489.78259999999995,0.0013839616389226261
2024-10-24,1825570.0,511.1515,511.9,510.62,513.34,509.46,42017,2024-10-24 04:00:00,511.27,490.7918,-0.0060537636501664105
2024-10-25,1528928.0,508.5699,512.5,507.36,514.73,505.62,40978,2024-10-25 04:00:00,511.78000000000003,491.56479999999993,-0.006384395440836577
2024-10-28,1851987.0,508.9509,507.4,508.21,510.8599,506.14,46166,2024-10-28 04:00:00,511.93500000000006,492.3514,0.0016753390097761223
2024-10-29,1928870.0,508.2452,507.54,506.28,511.39,505.7,51706,2024-10-29 04:00:00,511.84000000000003,493.13739999999996,-0.003797642706755089
2024-10-30,2992899.0,513.6843,512.52,513.69,516.45,507.0,70896,2024-10-30 04:00:00,511.802,494.0288,0.014636169708461821
2024-10-31,5344298.0,505.1359,521.25,499.59,527.8999,499.03,113953,2024-10-31 04:00:00,510.38499999999993,494.6606,-0.02744846113414723
2024-11-01,3600846.0,507.764,500.44,508.08,510.55,498.53,66632,2024-11-01 04:00:00,509.559,495.4458,0.016993935026721863
2024-11-04,2092485.0,505.7402,509.14,505.58,510.0,503.03,54754,2024-11-04 05:00:00,508.616,496.22860000000003,-0.004920484962997906
2024-11-05,1826576.0,505.3729,505.58,505.56,508.15,503.61,49834,2024-11-05 05:00:00,507.87,496.967,-3.9558526840455244e-05
2024-11-06,3365810.0,519.8886,520.86,521.13,523.0,515.94,87712,2024-11-06 05:00:00,508.61,497.88980000000004,0.030797531450272864
2024-11-07,2258174.0,518.8733,523.99,517.88,524.03,516.5901,56810,2024-11-07 05:00:00,509.33600000000007,498.8114,-0.006236447719379035
2024-11-08,2125018.0,525.4991,520.34,524.76,528.84,519.53,61206,2024-11-08 05:00:00,511.076,499.69059999999996,0.013284930872016654
2024-11-11,1896805.0,530.9425,528.85,530.12,534.025,528.515,54679,2024-11-11 05:00:00,513.267,500.62620000000004,0.010214193154966189
2024-11-12,2303948.0,529.4233,529.1,529.17,530.9,527.3,54182,2024-11-12 05:00:00,515.5559999999999,501.5672,-0.0017920470836793045
2024-11-13,2606735.0,522.075,530.01,521.88,530.5,516.415,69654,2024-11-13 05:00:00,516.3749999999999,502.342,-0.013776291172968969
2024-11-14,2229200.0,520.3494,520.62,520.4,522.36,517.65,57772,2024-11-14 05:00:00,518.456,503.20279999999997,-0.0028359009734039153
2024-11-15,2256919.0,521.3056,518.525,521.89,523.39,518.0,59436,2024-11-15 05:00:00,519.837,504.1182,0.0028631821675635383
2024-11-18,2108607.0,521.1594,518.59,521.63,523.49,517.0,57689,2024-11-18 05:00:00,521.442,504.809,-0.0004981892736016791
2024-11-19,2658082.0,519.8252,518.78,519.46,522.65,516.756,52769,2024-11-19 05:00:00,522.832,505.4378,-0.00416003680769883
2024-11-20,2289316.0,513.2935,521.53,512.54,522.5,511.0,60544,2024-11-20 05:00:00,521.973,505.925,-0.013321526200285039
2024-11-21,2830725.0,515.9824,513.23,515.1,520.12,511.58,72045,2024-11-21 05:00:00,521.6949999999999,506.3848,0.004994732118468903
2024-11-22,2439954.0,519.324,516.93,520.86,521.705,516.18,62762,2024-11-22 05:00:00,521.3050000000001,506.93479999999994,0.01118229470005816
2024-11-25,3778017.0,525.4623,521.64,526.6,528.25,521.02,75742,2024-11-25 05:00:00,520.953,507.51259999999996,0.011020235763928854
2024-11-26,2181595.0,528.2941,527.9,528.48,530.6499,525.06,56090,2024-11-26 05:00:00,520.884,508.0624,0.003570072161033
2024-11-27,1966895.0,531.7622,529.05,532.38,533.62,526.58,51946,2024-11-27 05:00:00,521.934,508.81479999999993,0.007379654859218876
2024-11-29,1572251.0,532.7918,533.01,532.94,535.7699,530.025,34489,2024-11-29 05:00:00,523.188,509.6134,0.0010518802359218427
2024-12-02,2115654.0,530.4154,532.93,531.36,534.82,526.23,55226,2024-12-02 05:00:00,524.135,510.3858,-0.0029646864562615782
2024-12-03,2197025.0,527.783,534.67,526.18,534.82,525.96,50733,2024-12-03 05:00:00,524.59,510.96659999999997,-0.009748569707919374
2024-12-04,2480971.0,520.7343,523.64,521.14,526.275,518.17,61677,2024-12-04 05:00:00,524.758,511.6412,-0.00957847124558131
2024-12-05,2439151.0,525.3276,524.6,524.77,527.47,522.17,58596,2024-12-05 05:00:00,525.981,512.3475999999999,0.006965498714357032
2024-12-06,2044041.0,528.4993,522.93,528.57,531.0,522.5,57491,2024-12-06 05:00:00,527.328,513.0936,0.007241267602950074
2024-12-09,2509461.0,524.5627,529.02,522.82,531.59,521.875,64779,2024-12-09 05:00:00,527.5240000000001,513.6772,-0.010878407779480459
