t,v_MCD,vw,o_MCD,c_MCD,h_MCD,l_MCD,n,t_a,MCD_SMA_10,MCD_SMA_50,MCD_Returns
2023-12-11,3274937.0,288.4734,285.56,289.15,289.31,285.56,62103,2023-12-11 05:00:00,285.127,266.9882,0.012678177424438886
2023-12-12,2252223.0,290.6594,289.12,291.42,291.7,288.51,48666,2023-12-12 05:00:00,286.06,267.6616,0.007850596576171709
2023-12-13,3312275.0,294.5706,291.69,295.93,295.97,291.5487,62903,2023-12-13 05:00:00,287.61499999999995,268.4904,0.015475945370942323
2023-12-14,4626777.0,290.2695,294.6,290.02,295.27,288.01,97616,2023-12-14 05:00:00,288.433,269.17460000000005,-0.019970939073429617
2023-12-15,6328510.0,287.4991,290.41,287.27,291.75,285.72,81778,2023-12-15 05:00:00,288.564,269.87539999999996,-0.00948210468243571
2023-12-18,2490110.0,289.7148,288.65,290.23,290.59,287.56,58853,2023-12-18 05:00:00,288.974,270.7156,0.010303895290145304
2023-12-19,2054430.0,290.6206,290.67,290.73,291.72,289.59,49202,2023-12-19 05:00:00,289.39300000000003,271.5318,0.0017227715949419409
2023-12-20,2398593.0,289.959,290.73,288.99,291.67,288.72,51623,2023-12-20 05:00:00,289.606,272.2812,-0.005984934475286363
2023-12-21,2313127.0,290.767,290.57,291.39,291.53,289.2883,46404,2023-12-21 05:00:00,290.066,273.0906,0.008304785632720746
2023-12-22,1700320.0,291.5021,290.7,291.7,292.47,290.5,40359,2023-12-22 05:00:00,290.68300000000005,274.0008,0.001063866296029392
2023-12-26,1381655.0,292.6088,291.22,292.86,293.05,290.89,36794,2023-12-26 05:00:00,291.054,274.8918,0.003976688378471094
2023-12-27,1892081.0,294.0801,292.5,294.55,294.63,292.465,44816,2023-12-27 05:00:00,291.367,275.784,0.0057706754080448786
2023-12-28,1907271.0,295.6426,294.47,295.84,296.47,294.0,53275,2023-12-28 05:00:00,291.358,276.678,0.004379562043795415
2023-12-29,2227806.0,296.2976,295.83,296.51,296.85,295.31,49901,2023-12-29 05:00:00,292.007,277.48760000000004,0.002264737696052066
2024-01-02,4458519.0,296.8053,295.05,297.04,297.28,295.05,68887,2024-01-02 05:00:00,292.98400000000004,278.26079999999996,0.0017874607939025733
2024-01-03,3114788.0,295.5901,297.0,294.39,297.99,294.25,62316,2024-01-03 05:00:00,293.4,278.9864,-0.008921357392943863
2024-01-04,4615370.0,293.1408,295.32,291.74,297.27,290.92,80406,2024-01-04 05:00:00,293.50100000000003,279.7262,-0.0090016644587112
2024-01-05,3407310.0,288.8302,289.21,288.99,290.33,287.2,70255,2024-01-05 05:00:00,293.50100000000003,280.36060000000003,-0.009426201412216395
2024-01-08,3097218.0,290.4331,288.51,291.9,292.0,287.52,56450,2024-01-08 05:00:00,293.552,281.038,0.010069552579673902
2024-01-09,2176451.0,289.6851,289.63,290.87,290.87,287.52,47867,2024-01-09 05:00:00,293.46899999999994,281.7388,-0.0035286056868789606
2024-01-10,2199689.0,292.9306,291.0,294.09,294.39,290.87,49344,2024-01-10 05:00:00,293.592,282.5054,0.01107023756317238
2024-01-11,2047352.0,293.2308,294.45,294.15,294.95,290.65,44602,2024-01-11 05:00:00,293.552,283.1854,0.00020401917780277223
2024-01-12,1714818.0,293.6813,295.46,293.47,295.75,292.84,41995,2024-01-12 05:00:00,293.31499999999994,283.8114,-0.0023117457079719905
2024-01-16,2859014.0,291.8868,293.47,291.09,294.25,289.98,63170,2024-01-16 05:00:00,292.773,284.3938,-0.008109857907111606
2024-01-17,2008289.0,291.2089,290.14,291.16,292.34,290.125,49118,2024-01-17 05:00:00,292.185,284.88,0.0002404754543270382
2024-01-18,2221156.0,293.7764,292.09,294.36,294.48,291.31,47168,2024-01-18 05:00:00,292.182,285.4098,0.010990520675916882
2024-01-19,4250885.0,299.2381,298.0,300.53,301.08,296.525,80400,2024-01-19 05:00:00,293.06100000000004,286.0422,0.020960728359831426
2024-01-22,3250224.0,299.1293,300.95,298.41,302.39,297.7375,64685,2024-01-22 05:00:00,294.003,286.63699999999994,-0.007054204239177242
2024-01-23,1873976.0,299.0068,297.44,300.05,300.21,297.125,47581,2024-01-23 05:00:00,294.81800000000004,287.2882,0.005495794376864094
2024-01-24,3209675.0,300.8272,300.0,300.44,302.035,299.31,62497,2024-01-24 05:00:00,295.775,287.9588,0.0012997833694383676
2024-01-25,3219625.0,297.5148,300.74,297.21,301.31,296.09,68186,2024-01-25 05:00:00,296.087,288.54720000000003,-0.01075089868193324
2024-01-26,4210521.0,293.4557,295.33,292.26,295.98,291.7,89361,2024-01-26 05:00:00,295.898,289.0084,-0.016654890481477724
2024-01-29,3899706.0,290.8564,291.64,292.31,292.76,288.31,82978,2024-01-29 05:00:00,295.78200000000004,289.4248,0.0001710805447205921
2024-01-30,2524205.0,293.7282,292.14,294.65,294.92,290.2,52004,2024-01-30 05:00:00,296.13800000000003,289.90999999999997,0.008005199958947662
2024-01-31,3476264.0,293.9434,295.9,292.72,297.44,291.655,61085,2024-01-31 05:00:00,296.294,290.242,-0.006550144238927413
2024-02-01,3380568.0,296.3675,291.7,298.08,298.13,290.28,60916,2024-02-01 05:00:00,296.666,290.6886,0.01831101393823431
2024-02-02,3971607.0,295.9746,296.07,297.05,298.17,293.35,83349,2024-02-02 05:00:00,296.318,291.049,-0.0034554482018249733
2024-02-05,7581895.0,286.3509,287.01,285.97,291.44,283.33,149721,2024-02-05 05:00:00,295.07399999999996,291.159,-0.037300117825281864
2024-02-06,5928192.0,283.6517,282.97,284.65,284.68,281.54,98817,2024-02-06 05:00:00,293.534,291.2134,-0.004615868797426481
2024-02-07,3954659.0,287.8804,285.05,287.33,290.53,284.11,72546,2024-02-07 05:00:00,292.22299999999996,291.30920000000003,0.009415071139996511
2024-02-08,4605245.0,290.1243,286.2,291.93,293.15,284.2,85089,2024-02-08 05:00:00,291.69500000000005,291.511,0.01600946646712842
2024-02-09,3323000.0,289.9025,292.15,289.47,292.51,288.92,56531,2024-02-09 05:00:00,291.416,291.6586,-0.008426677628198487
2024-02-12,2392314.0,289.7091,289.0,289.44,291.19,288.76,59913,2024-02-12 05:00:00,291.129,291.83979999999997,-0.00010363768266152817
2024-02-13,2756190.0,287.153,288.63,287.11,289.9,285.67,55542,2024-02-13 05:00:00,290.375,291.94519999999994,-0.008050027639579849
2024-02-14,2139326.0,287.693,287.32,288.17,288.32,286.59,45399,2024-02-14 05:00:00,289.92,291.9894,0.0036919647521855836
2024-02-15,2401617.0,291.077,287.9,291.86,292.1,287.28,46623,2024-02-15 05:00:00,289.29800000000006,292.10400000000004,0.012804941527570612
2024-02-16,2837573.0,291.5277,290.79,292.02,293.7,289.26,46496,2024-02-16 05:00:00,288.79499999999996,292.2136,0.0005482080449530358
2024-02-20,2263994.0,293.4315,292.0,292.65,295.4999,291.84,52123,2024-02-20 05:00:00,289.46299999999997,292.32939999999996,0.0021573864803781095
2024-02-21,2076811.0,294.1246,293.09,293.91,295.2,292.25,47590,2024-02-21 05:00:00,290.389,292.47180000000003,0.004305484366991408
2024-02-22,3146598.0,295.5657,294.0,295.92,296.67,293.245,51094,2024-02-22 05:00:00,291.24800000000005,292.6796,0.006838828212718084
2024-02-23,2199138.0,297.7752,296.0,297.75,298.74,295.07,48342,2024-02-23 05:00:00,291.83000000000004,292.8516,0.006184103811841091
2024-02-26,2595344.0,297.5909,298.21,297.12,298.68,296.4,52492,2024-02-26 05:00:00,292.595,292.9656,-0.002115869017632277
2024-02-27,2811237.0,294.2138,296.8,293.76,296.8,293.32,56074,2024-02-27 05:00:00,293.027,292.92220000000003,-0.011308562197092087
2024-02-28,2507286.0,295.0458,294.03,295.19,296.1,292.72,42053,2024-02-28 05:00:00,293.835,293.0256,0.004867919389978326
2024-02-29,3601848.0,292.4799,294.2,292.28,294.75,291.71,56622,2024-02-29 05:00:00,294.246,293.1258,-0.009858057522273866
2024-03-01,3028869.0,290.919,291.39,290.73,292.67,289.53,63795,2024-03-01 05:00:00,294.13300000000004,293.13579999999996,-0.005303133981113817
2024-03-04,2832011.0,290.3315,289.37,290.94,291.24,288.5,58762,2024-03-04 05:00:00,294.025,293.14,0.0007223196780516972
2024-03-05,2969609.0,292.2974,291.56,292.54,293.51,288.92,58602,2024-03-05 05:00:00,294.014,293.211,0.005499415687083342
2024-03-06,2347965.0,293.3099,293.33,292.93,295.14,292.15,45538,2024-03-06 05:00:00,293.916,293.2418,0.0013331510220824239
2024-03-07,2237730.0,292.4031,294.2,291.11,294.915,291.03,45055,2024-03-07 05:00:00,293.435,293.23,-0.006213088451165749
2024-03-08,2482336.0,291.4924,290.04,292.55,293.48,288.83,52949,2024-03-08 05:00:00,292.915,293.2238,0.004946583765586876
2024-03-11,2893336.0,294.3498,292.15,294.82,295.45,291.87,52923,2024-03-11 04:00:00,292.685,293.2292,0.007759357374807596
2024-03-12,2233076.0,294.6544,295.68,294.31,296.355,293.54,44101,2024-03-12 04:00:00,292.74,293.1986,-0.0017298690726544885
2024-03-13,5387262.0,284.9439,292.26,282.86,293.47,282.6,103370,2024-03-13 04:00:00,291.507,292.9256,-0.038904556420101266
2024-03-14,4659308.0,280.4396,282.42,281.73,282.52,277.829,91390,2024-03-14 04:00:00,290.452,292.61940000000004,-0.003994909142331915
2024-03-15,5071675.0,279.9971,281.89,279.14,284.23,278.38,71530,2024-03-15 04:00:00,289.293,292.3144,-0.009193199162318644
2024-03-18,3319417.0,278.8856,279.47,278.58,280.3,278.07,63727,2024-03-18 04:00:00,288.05699999999996,292.0512,-0.0020061617826180322
2024-03-19,4055380.0,282.7517,279.2,282.87,284.4,278.585,63854,2024-03-19 04:00:00,287.09,291.9288,0.015399526168425659
2024-03-20,2867302.0,283.498,283.5,284.45,284.6,281.37,52705,2024-03-20 04:00:00,286.242,291.7798,0.005585604694736013
2024-03-21,3653332.0,283.7044,284.5,283.53,285.58,282.64,55790,2024-03-21 04:00:00,285.484,291.633,-0.003234311829847125
2024-03-22,2556320.0,282.871,283.88,282.63,284.385,282.12,45396,2024-03-22 04:00:00,284.492,291.4038,-0.0031742672733043875
2024-03-25,2985467.0,278.4366,280.0,278.62,280.58,277.64,67790,2024-03-25 04:00:00,282.87199999999996,291.0932,-0.014188161200155647
2024-03-26,2572061.0,278.697,279.22,278.62,279.45,277.17,51596,2024-03-26 04:00:00,281.303,290.7962,0.0
2024-03-27,2604991.0,280.9451,278.1,282.02,282.3,278.1,56294,2024-03-27 04:00:00,281.219,290.6148,0.012203000502476469
2024-03-28,3454073.0,282.2034,282.25,281.95,283.3799,281.2525,52960,2024-03-28 04:00:00,281.241,290.4306,-0.00024820934685476637
2024-04-01,2408799.0,279.9683,281.5,280.22,281.55,278.64,52746,2024-04-01 04:00:00,281.349,290.14779999999996,-0.0061358396878877786
2024-04-02,2907899.0,278.0886,280.0,277.74,280.48,277.45,56162,2024-04-02 04:00:00,281.265,289.692,-0.008850189137106668
2024-04-03,2747979.0,276.2563,276.57,275.54,277.96,275.15,58910,2024-04-03 04:00:00,280.532,289.2346,-0.007921077266508258
2024-04-04,4095144.0,272.738,276.24,270.09,276.24,269.92,71757,2024-04-04 04:00:00,279.096,288.6354,-0.019779342382231446
2024-04-05,6816035.0,267.5998,269.42,266.69,270.62,266.36,108866,2024-04-05 04:00:00,277.41200000000003,287.9604,-0.012588396460439077
2024-04-08,3753206.0,267.1654,267.24,267.56,268.6892,265.87,75445,2024-04-08 04:00:00,275.90500000000003,287.36740000000003,0.0032622145562264393
2024-04-09,3935142.0,267.8769,266.22,269.44,269.67,265.5,64864,2024-04-09 04:00:00,274.987,286.911,0.00702646135446261
2024-04-10,3817458.0,267.2728,266.97,268.67,268.99,265.11,72466,2024-04-10 04:00:00,273.992,286.4382,-0.0028577790973871586
2024-04-11,2519172.0,268.6273,269.5,268.62,269.88,267.15,53369,2024-04-11 04:00:00,272.652,285.9176,-0.00018610190940560045
2024-04-12,2706230.0,267.2799,267.91,267.39,268.23,266.58,58455,2024-04-12 04:00:00,271.196,285.411,-0.004578959124413751
2024-04-15,3595330.0,267.0119,267.86,266.23,268.525,266.05,69371,2024-04-15 04:00:00,269.79699999999997,284.774,-0.004338232544223719
2024-04-16,2781954.0,265.9348,266.13,265.43,266.99,265.15,58131,2024-04-16 04:00:00,268.566,284.1416,-0.00300492055741286
2024-04-17,3199423.0,268.4186,266.5,269.95,270.12,265.52,72350,2024-04-17 04:00:00,268.007,283.8212,0.017028971856986708
2024-04-18,3331946.0,270.4543,270.98,270.98,271.29,268.845,61262,2024-04-18 04:00:00,268.096,283.5478,0.003815521392850574
2024-04-19,2870786.0,271.6682,272.01,271.99,272.22,270.48,51976,2024-04-19 04:00:00,268.626,283.241,0.0037272123403941926
2024-04-22,2908910.0,275.1831,273.75,275.58,276.5,272.32,65942,2024-04-22 04:00:00,269.428,282.914,0.013199014669656783
2024-04-23,3153958.0,276.4441,276.82,276.88,277.4,274.24,63599,2024-04-23 04:00:00,270.17199999999997,282.6622,0.004717323463241163
2024-04-24,3939961.0,275.4117,275.54,276.75,277.03,272.89,63027,2024-04-24 04:00:00,270.98,282.40840000000003,-0.0004695174804969504
2024-04-25,4132866.0,276.5507,277.02,275.6,279.82,274.72,70208,2024-04-25 04:00:00,271.678,282.17820000000006,-0.004155374887082175
2024-04-26,3441185.0,274.1466,271.23,273.09,276.11,270.3701,65669,2024-04-26 04:00:00,272.248,281.87660000000005,-0.0091074020319305
2024-04-29,3087518.0,273.3664,273.83,273.55,274.43,272.595,66671,2024-04-29 04:00:00,272.98,281.5104,0.0016844263795818826
2024-04-30,6745083.0,272.1161,264.33,273.04,276.8699,262.63,113817,2024-04-30 04:00:00,273.74100000000004,281.13079999999997,-0.0018643757996709143
2024-05-01,4662787.0,273.3104,271.38,274.43,276.43,270.05,90486,2024-05-01 04:00:00,274.18899999999996,280.7664,0.0050908291825373375
2024-05-02,3038072.0,274.2284,274.51,273.28,276.31,272.71,70953,2024-05-02 04:00:00,274.419,280.35380000000004,-0.004190503953649505
2024-05-03,2590318.0,270.4329,274.14,270.32,274.62,268.89,62495,2024-05-03 04:00:00,274.252,279.8418,-0.010831381733021006
2024-05-06,2461997.0,270.1864,271.06,269.3,271.875,269.04,58455,2024-05-06 04:00:00,273.624,279.27279999999996,-0.003773305711748942
2024-05-07,3095301.0,268.1913,270.04,267.5,270.67,266.99,62235,2024-05-07 04:00:00,272.68600000000004,278.68039999999996,-0.0066839955440030074
2024-05-08,3222173.0,267.962,267.5,268.49,268.93,266.06,58646,2024-05-08 04:00:00,271.86,278.175,0.003700934579439208
2024-05-09,3011752.0,267.8005,268.46,267.95,268.48,267.02,59964,2024-05-09 04:00:00,271.095,277.6302,-0.0020112480911766983
2024-05-10,4932013.0,273.1322,268.17,275.0,275.38,267.84,88705,2024-05-10 04:00:00,271.286,277.2846,0.02631087889531636
2024-05-13,3563625.0,273.334,275.38,271.32,276.74,271.14,73813,2024-05-13 04:00:00,271.063,276.89639999999997,-0.013381818181818161
2024-05-14,2975191.0,270.1575,272.12,270.66,272.77,268.7124,63339,2024-05-14 04:00:00,270.825,276.4908,-0.0024325519681556163
2024-05-15,2936140.0,273.4804,271.11,273.87,274.37,270.231,63321,2024-05-15 04:00:00,270.769,276.11740000000003,0.011859898027045013
2024-05-16,2271623.0,274.0666,274.51,273.51,275.56,272.92,54876,2024-05-16 04:00:00,270.79200000000003,275.72900000000004,-0.0013144922773579149
2024-05-17,2196956.0,272.2821,274.06,272.38,274.06,270.92,47425,2024-05-17 04:00:00,270.998,275.3544,-0.004131475997221301
2024-05-20,2600912.0,268.8955,271.74,267.87,272.125,267.28,64168,2024-05-20 04:00:00,270.855,274.86080000000004,-0.016557750201923738
2024-05-21,2230226.0,266.5864,268.51,265.87,269.0793,265.44,55329,2024-05-21 04:00:00,270.692,274.2818,-0.007466308283869072
2024-05-22,1836056.0,265.6953,265.87,265.77,266.82,264.55,52239,2024-05-22 04:00:00,270.42,273.711,-0.00037612366946260245
2024-05-23,5285833.0,260.0988,265.13,257.93,265.62,257.6,97085,2024-05-23 04:00:00,269.418,273.2124,-0.02949919102983778
2024-05-24,3238666.0,258.5818,258.74,258.11,260.46,257.52,69545,2024-05-24 04:00:00,267.729,272.74,0.0006978637614856176
2024-05-28,4300531.0,254.8178,257.39,253.54,258.81,252.645,96079,2024-05-28 04:00:00,265.951,272.228,-0.017705629382821386
2024-05-29,3591990.0,250.5517,253.36,249.37,253.8,249.16,81266,2024-05-29 04:00:00,263.822,271.6438,-0.01644710893744572
2024-05-30,3416987.0,251.5146,250.61,252.07,252.96,250.0975,68247,2024-05-30 04:00:00,261.642,271.0278,0.010827284757588984
2024-05-31,5876882.0,257.0263,254.19,258.89,259.25,253.505,83892,2024-05-31 04:00:00,260.17999999999995,270.5166,0.027055976514460234
2024-06-03,4007760.0,258.7067,257.93,259.75,259.95,255.6,79031,2024-06-03 04:00:00,258.91700000000003,270.041,0.0033218741550467
2024-06-04,4146132.0,261.7924,259.34,262.72,263.09,259.25,72725,2024-06-04 04:00:00,258.40200000000004,269.6428,0.011434071222329312
2024-06-05,4061652.0,260.1644,261.5,259.99,261.735,258.66,79931,2024-06-05 04:00:00,257.81399999999996,269.2702,-0.010391291108404421
2024-06-06,3300869.0,260.3367,260.91,260.72,261.785,258.93,68498,2024-06-06 04:00:00,257.309,268.9122,0.002807800300011598
2024-06-07,2194978.0,257.6778,260.07,256.21,261.395,255.34,56361,2024-06-07 04:00:00,257.137,268.396,-0.017298250997238585
2024-06-10,2667062.0,254.1546,256.0,253.81,256.0,253.15,65192,2024-06-10 04:00:00,256.707,267.8332,-0.009367315873697324
2024-06-11,2528768.0,253.9748,253.01,254.28,254.6889,252.1,55600,2024-06-11 04:00:00,256.781,267.31440000000003,0.0018517788897205456
2024-06-12,2742313.0,255.304,254.88,254.48,256.31,253.41,58281,2024-06-12 04:00:00,257.29200000000003,266.8492,0.0007865345288657899
2024-06-13,3018786.0,252.956,253.59,253.7,254.74,251.18,61556,2024-06-13 04:00:00,257.455,266.4124,-0.0030650738761396346
2024-06-14,2659677.0,252.489,252.86,253.58,253.62,250.614,58064,2024-06-14 04:00:00,256.92400000000004,266.0822,-0.00047299960583357947
2024-06-17,2434644.0,253.442,252.3,253.51,254.52,251.88,56966,2024-06-17 04:00:00,256.3,265.8186,-0.0002760470068617904
2024-06-18,2753561.0,250.7666,253.95,250.79,254.35,249.35,78506,2024-06-18 04:00:00,255.10699999999997,265.4832,-0.010729359788568482
2024-06-20,3562735.0,253.2821,250.27,253.8,255.69,249.511,77838,2024-06-20 04:00:00,254.488,265.17040000000003,0.012002073447904715
2024-06-21,8007318.0,259.3802,258.28,259.39,261.46,255.61,97637,2024-06-21 04:00:00,254.35499999999996,264.9848,0.02202521670606772
2024-06-24,3776003.0,259.6623,259.0,260.38,261.37,257.8,69366,2024-06-24 04:00:00,254.77200000000002,264.82,0.0038166467481399735
2024-06-25,3835543.0,257.51,260.13,257.38,260.13,255.59,67543,2024-06-25 04:00:00,255.129,264.6198,-0.011521622244412
2024-06-26,2666905.0,257.0426,256.65,257.83,258.17,254.68,55884,2024-06-26 04:00:00,255.484,264.4518,0.0017483875981039176
2024-06-27,2543167.0,257.722,258.0,258.17,258.83,256.97,55661,2024-06-27 04:00:00,255.85299999999998,264.3066,0.0013186983671411578
2024-06-28,7715946.0,255.1013,257.54,254.84,259.49,252.86,84526,2024-06-28 04:00:00,255.967,264.0044,-0.01289847774722086
2024-07-01,3700489.0,251.1052,254.83,249.99,255.34,249.72,86014,2024-07-01 04:00:00,255.608,263.58459999999997,-0.019031549207345733
2024-07-02,3794294.0,248.3248,249.68,247.79,251.03,247.41,81000,2024-07-02 04:00:00,255.036,263.1006,-0.008800352014080581
2024-07-03,2006931.0,249.8694,248.5,250.0,250.98,248.18,47942,2024-07-03 04:00:00,254.95700000000002,262.589,0.008918842568303775
2024-07-05,2734917.0,250.4942,251.0,251.09,251.415,248.81,64409,2024-07-05 04:00:00,254.68599999999998,262.0732,0.0043599999999999195
2024-07-08,3057935.0,248.9002,251.76,247.85,252.575,247.06,76779,2024-07-08 04:00:00,253.532,261.4952,-0.012903739694930194
2024-07-09,4833966.0,245.2674,247.23,245.82,247.4,243.53,97634,2024-07-09 04:00:00,252.07599999999996,260.89959999999996,-0.008190437764777125
2024-07-10,3978402.0,248.5351,247.0,250.49,250.56,245.9,72423,2024-07-10 04:00:00,251.38700000000003,260.44759999999997,0.018997640549996087
2024-07-11,5367430.0,254.0083,251.22,254.8,255.65,249.87,94611,2024-07-11 04:00:00,251.08399999999997,260.07259999999997,0.017206275699628737
2024-07-12,4168426.0,254.5692,254.25,253.9,256.92,251.81,78372,2024-07-12 04:00:00,250.657,259.68980000000005,-0.003532182103610726
2024-07-15,3361081.0,252.9112,253.64,251.53,255.73,251.19,72318,2024-07-15 04:00:00,250.32600000000002,259.2318,-0.009334383615596686
2024-07-16,4094925.0,255.4626,251.0,257.27,257.31,250.1,72830,2024-07-16 04:00:00,251.054,258.9116,0.022820339522124478
2024-07-17,3655056.0,260.4923,258.97,261.0,262.05,257.8587,75487,2024-07-17 04:00:00,252.375,258.72520000000003,0.014498386908695204
2024-07-18,3344348.0,260.1446,258.03,259.52,262.33,257.6003,75544,2024-07-18 04:00:00,253.327,258.5296,-0.005670498084291209
2024-07-19,3343732.0,256.9947,260.39,257.28,260.44,255.03,58812,2024-07-19 04:00:00,253.946,258.3252,-0.008631319358816336
2024-07-22,2635779.0,258.7749,258.3,259.54,259.79,256.4,57810,2024-07-22 04:00:00,255.11499999999995,258.14619999999996,0.008784203980099603
2024-07-23,2607700.0,256.001,259.68,254.05,260.1378,253.5096,58876,2024-07-23 04:00:00,255.93800000000002,257.8682,-0.02115280881559689
2024-07-24,5594717.0,251.4667,246.32,253.37,254.33,246.12,87476,2024-07-24 04:00:00,256.226,257.4356,-0.002676638456996727
2024-07-25,3276844.0,252.6013,254.19,251.46,256.09,251.1,70614,2024-07-25 04:00:00,255.892,257.0384,-0.007538382602518046
2024-07-26,3841526.0,252.4839,252.9,252.0,254.045,250.75,75188,2024-07-26 04:00:00,255.702,256.6652,0.0021474588403722628
2024-07-29,9312623.0,260.057,253.55,261.42,263.93,250.23,155553,2024-07-29 04:00:00,256.691,256.4162,0.037380952380952515
2024-07-30,4755850.0,264.9285,261.0,266.44,267.37,260.31,97047,2024-07-30 04:00:00,257.608,256.27479999999997,0.01920281539285429
2024-07-31,4313550.0,265.6314,265.42,265.4,267.67,263.2,71591,2024-07-31 04:00:00,258.048,256.1352,-0.0039033178201471896
2024-08-01,4756049.0,266.4415,266.82,268.75,268.77,262.4,89113,2024-08-01 04:00:00,258.971,256.1528,0.012622456669178606
2024-08-02,9480998.0,274.056,269.4,276.69,276.81,268.8,152171,2024-08-02 04:00:00,260.912,256.36920000000003,0.029544186046511545
2024-08-05,6688432.0,271.783,274.04,268.45,277.87,267.6796,123936,2024-08-05 04:00:00,261.803,256.4228,-0.029780620911489475
2024-08-06,3242820.0,271.1208,269.86,270.06,273.2,268.08,66026,2024-08-06 04:00:00,263.404,256.66540000000003,0.005997392438070515
2024-08-07,3400655.0,270.4359,269.56,269.37,273.14,268.58,57059,2024-08-07 04:00:00,265.004,256.89059999999995,-0.002554987780493234
2024-08-08,3173219.0,271.7314,268.93,271.19,273.65,268.08,61485,2024-08-08 04:00:00,266.977,257.2436,0.006756505921223566
2024-08-09,2598563.0,268.13,271.7,267.91,271.7,266.96,54156,2024-08-09 04:00:00,268.56800000000004,257.6144,-0.012094841255208433
2024-08-12,2954807.0,268.4287,267.46,269.46,269.53,265.33,56715,2024-08-12 04:00:00,269.37199999999996,257.9622,0.005785524989735169
2024-08-13,2579279.0,270.0963,270.31,270.31,272.0,267.54,54880,2024-08-13 04:00:00,269.759,258.1906,0.0031544570622727974
2024-08-14,2220404.0,270.5876,269.86,271.15,271.5075,268.5,47438,2024-08-14 04:00:00,270.33399999999995,258.4186,0.003107543191150919
2024-08-15,2377880.0,274.3969,272.0,274.87,275.76,271.85,54614,2024-08-15 04:00:00,270.946,258.6616,0.013719343536787942
2024-08-16,3086585.0,277.8549,274.75,278.49,279.5,274.7,60370,2024-08-16 04:00:00,271.12600000000003,259.0316,0.013169862116636954
2024-08-19,5021080.0,286.7264,282.33,287.55,288.32,281.72,97992,2024-08-19 04:00:00,273.036,259.5682,0.03253258644834656
2024-08-20,3647268.0,287.0322,286.5,285.63,290.265,285.21,67144,2024-08-20 04:00:00,274.59299999999996,260.1566,-0.006677099634846195
2024-08-21,2603005.0,288.8971,287.15,289.71,289.97,286.265,50723,2024-08-21 04:00:00,276.627,260.8746,0.014284213843083648
2024-08-22,1710957.0,288.9664,289.55,289.21,290.5,287.55,47386,2024-08-22 04:00:00,278.429,261.5732,-0.0017258637948293076
2024-08-23,2035571.0,288.9308,290.38,289.52,290.78,287.13,48978,2024-08-23 04:00:00,280.59000000000003,262.274,0.001071885481138235
2024-08-26,1990968.0,289.1877,289.25,288.68,292.21,287.87,52969,2024-08-26 04:00:00,282.512,262.97360000000003,-0.0029013539651836506
2024-08-27,2880662.0,289.3688,289.08,289.64,290.3,288.06,40579,2024-08-27 04:00:00,284.445,263.6948,0.0033254815020091755
2024-08-28,2513086.0,287.605,289.95,287.05,290.96,285.26,55832,2024-08-28 04:00:00,286.03499999999997,264.36560000000003,-0.008942135064217593
2024-08-29,1743993.0,287.7207,287.78,287.86,289.11,284.78,45699,2024-08-29 04:00:00,287.33399999999995,265.107,0.0028218080473785268
2024-08-30,2373092.0,287.9968,287.56,288.66,288.88,286.29,47469,2024-08-30 04:00:00,288.351,265.80420000000004,0.0027791287431391254
2024-09-03,2825429.0,285.7996,286.36,285.52,288.21,283.71,62736,2024-09-03 04:00:00,288.14799999999997,266.3268,-0.010877849372964876
2024-09-04,2504188.0,287.6863,286.55,288.03,288.97,285.99,55052,2024-09-04 04:00:00,288.38800000000003,266.8798,0.008790977864948202
2024-09-05,2264145.0,287.8733,289.0,287.97,289.545,286.24,50648,2024-09-05 04:00:00,288.21400000000006,267.4916,-0.0002083116342045388
2024-09-06,3641328.0,290.1918,287.82,289.51,292.19,287.5692,69194,2024-09-06 04:00:00,288.244,268.1252,0.005347779282564025
2024-09-09,2992185.0,290.3435,290.03,291.29,291.74,287.8,60334,2024-09-09 04:00:00,288.421,268.7876,0.006148319574453387
2024-09-10,2408013.0,292.8842,292.81,291.27,296.23,291.04,57701,2024-09-10 04:00:00,288.67999999999995,269.5162,-6.866009818407015e-05
2024-09-11,2594046.0,288.6896,290.83,290.23,291.435,285.83,56688,2024-09-11 04:00:00,288.739,270.321,-0.003570570261269501
2024-09-12,1969504.0,291.4092,290.17,292.35,292.69,288.26,51092,2024-09-12 04:00:00,289.269,271.2122,0.007304551562553829
2024-09-13,2122476.0,295.5276,294.49,296.53,296.74,292.62,50199,2024-09-13 04:00:00,290.136,272.14279999999997,0.014297930562681582
2024-09-16,2822208.0,296.9816,297.42,296.69,300.11,295.04,60032,2024-09-16 04:00:00,290.93899999999996,273.0548,0.0005395744106837519
2024-09-17,2933190.0,294.0932,297.0,293.75,297.39,292.17,49873,2024-09-17 04:00:00,291.762,273.9728,-0.009909332973811025
2024-09-18,1741980.0,292.7183,293.88,292.03,295.1,290.37,46534,2024-09-18 04:00:00,292.162,274.897,-0.005855319148936222
2024-09-19,2229724.0,293.117,294.25,293.85,295.08,290.9,56654,2024-09-19 04:00:00,292.75,275.76419999999996,0.006232236414067227
2024-09-20,5309456.0,296.0466,292.94,296.83,298.05,292.835,63434,2024-09-20 04:00:00,293.482,276.6048,0.010141228517951184
2024-09-23,2258846.0,298.8204,299.0,299.06,300.22,296.89,54743,2024-09-23 04:00:00,294.259,277.508,0.0075127177172118476
2024-09-24,2303450.0,300.1828,299.06,300.27,301.45,297.7,49274,2024-09-24 04:00:00,295.159,278.4828,0.004046010833946401
2024-09-25,1924091.0,300.3478,300.33,300.47,301.8,298.4,42798,2024-09-25 04:00:00,296.183,279.34680000000003,0.0006660672061813422
2024-09-26,1835951.0,303.082,301.15,303.65,304.29,300.735,49038,2024-09-26 04:00:00,297.313,280.1998,0.010583419309747821
2024-09-27,2841496.0,304.7619,303.52,303.69,306.96,303.52,58018,2024-09-27 04:00:00,298.029,281.0832,0.00013173061090077098
2024-09-30,2159420.0,303.9965,303.75,304.51,305.03,302.1,48438,2024-09-30 04:00:00,298.811,282.0278,0.0027001218347657563
2024-10-01,2927131.0,303.3662,304.51,302.98,305.23,302.25,56312,2024-10-01 04:00:00,299.734,282.8966,-0.005024465534793521
2024-10-02,2237934.0,302.7739,300.58,303.76,304.08,299.5801,47854,2024-10-02 04:00:00,300.90700000000004,283.8908,0.0025744273549408447
2024-10-03,1746440.0,303.1812,303.5,303.45,304.02,301.26,45462,2024-10-03 04:00:00,301.867,284.89239999999995,-0.001020542533579194
2024-10-04,2383369.0,303.4423,303.05,303.76,305.89,301.38,54060,2024-10-04 04:00:00,302.56,285.9384,0.0010215851046300184
2024-10-07,2001969.0,302.0271,303.76,300.85,305.1199,300.0,47431,2024-10-07 04:00:00,302.739,286.91540000000003,-0.009579931524888008
2024-10-08,1990892.0,301.5834,302.64,301.9,303.35,300.36,45337,2024-10-08 04:00:00,302.902,287.725,0.0034901113511716098
2024-10-09,1809418.0,303.797,302.94,303.83,305.01,301.965,42662,2024-10-09 04:00:00,303.238,288.4728,0.006392845313017537
2024-10-10,1486763.0,303.921,304.03,304.04,305.75,302.93,41419,2024-10-10 04:00:00,303.277,289.2456,0.000691175986571535
2024-10-11,1698851.0,304.5882,304.42,305.04,305.5,302.97,44139,2024-10-11 04:00:00,303.412,289.9714,0.0032890409156689504
2024-10-14,2186089.0,309.0592,305.15,309.84,310.42,304.5,54999,2024-10-14 04:00:00,303.94500000000005,290.63439999999997,0.015735641227379915
2024-10-15,2950658.0,313.3039,312.0,313.34,315.36,311.01,69969,2024-10-15 04:00:00,304.981,291.5322,0.011296152853085495
2024-10-16,1795250.0,312.6179,313.32,312.92,313.725,310.11,43827,2024-10-16 04:00:00,305.897,292.38939999999997,-0.0013403970128293974
2024-10-17,3050668.0,314.395,313.98,314.7,315.05,312.48,43679,2024-10-17 04:00:00,307.02200000000005,293.29600000000005,0.005688354851079991
2024-10-18,2374457.0,315.9597,315.57,316.56,317.18,314.2299,39669,2024-10-18 04:00:00,308.302,294.2034,0.0059103908484270384
2024-10-21,2333110.0,315.2684,317.13,314.89,317.9,314.41,43976,2024-10-21 04:00:00,309.706,295.143,-0.005275461207985943
2024-10-22,5850897.0,296.2302,314.09,314.69,315.74,313.3,102551,2024-10-22 04:00:00,310.985,296.0476,-0.0006351424306900721
2024-10-23,18667501.0,297.4327,292.77,298.57,301.6,290.83,294293,2024-10-23 04:00:00,310.459,296.6128,-0.05122501509421973
2024-10-24,5434260.0,300.8485,299.12,301.58,302.3899,298.28,109648,2024-10-24 04:00:00,310.213,297.2214,0.01008138794922453
2024-10-25,8754801.0,294.9876,301.0,292.61,301.6,292.2,168237,2024-10-25 04:00:00,308.96999999999997,297.5762,-0.029743351681145835
2024-10-28,6426355.0,297.7472,299.2,296.79,299.92,296.5368,113893,2024-10-28 04:00:00,307.66499999999996,297.94219999999996,0.014285226068828871
2024-10-29,8447750.0,297.0017,297.5979,295.0,302.7,295.0,150024,2024-10-29 04:00:00,305.831,298.0912,-0.006031200512146673
2024-10-30,4785183.0,292.3287,294.5,291.52,295.37,289.84,97589,2024-10-30 04:00:00,303.691,298.209,-0.011796610169491628
2024-10-31,4034199.0,292.6089,292.25,292.11,294.38,291.17,74439,2024-10-31 04:00:00,301.43199999999996,298.257,0.002023874862788322
2024-11-01,3478806.0,295.0429,294.51,295.21,296.88,293.28,69455,2024-11-01 04:00:00,299.29699999999997,298.37699999999995,0.010612440518982469
2024-11-04,2525521.0,292.9014,294.74,292.85,294.96,291.801,62021,2024-11-04 05:00:00,297.09299999999996,298.4436,-0.007994309135869182
2024-11-05,2966968.0,296.2148,293.75,297.32,297.38,292.56,63416,2024-11-05 05:00:00,295.356,298.6164,0.015263786921632105
2024-11-06,4514646.0,294.646,300.28,294.0,300.33,292.72,86647,2024-11-06 05:00:00,294.899,298.7036,-0.011166420018834944
2024-11-07,3184317.0,295.0813,294.84,294.66,296.54,293.81,64344,2024-11-07 05:00:00,294.207,298.8558,0.0022448979591838114
2024-11-08,3221744.0,299.2275,295.6,298.97,301.8321,295.25,66271,2024-11-08 05:00:00,294.843,299.078,0.014627027760809153
2024-11-11,2825996.0,301.4848,300.49,301.53,303.81,300.02,57244,2024-11-11 05:00:00,295.317,299.3354,0.008562732046693444
2024-11-12,2300430.0,299.0563,300.14,298.65,301.405,297.52,50800,2024-11-12 05:00:00,295.682,299.598,-0.009551288429011984
2024-11-13,2085145.0,297.1067,298.9,297.35,299.13,295.2172,50214,2024-11-13 05:00:00,296.265,299.7844,-0.00435292147999311
2024-11-14,1853493.0,298.71,298.0,298.56,300.11,296.5901,44274,2024-11-14 05:00:00,296.91,299.99620000000004,0.004069278627879536
2024-11-15,3898658.0,293.4092,297.72,292.63,299.495,289.72,64993,2024-11-15 05:00:00,296.652,300.0586,-0.019862004287245494
2024-11-18,2757676.0,292.0352,293.01,291.1,295.44,290.7886,58357,2024-11-18 05:00:00,296.47700000000003,300.0548,-0.0052284454772236755
2024-11-19,2109904.0,290.5055,290.0,290.73,292.072,287.6,49865,2024-11-19 05:00:00,295.81800000000004,300.044,-0.001271040879422869
2024-11-20,2309289.0,289.922,290.62,290.91,291.3199,288.255,47947,2024-11-20 05:00:00,295.509,300.0576,0.0006191311526158039
2024-11-21,4348373.0,286.8224,285.0,288.47,288.6,283.46,81046,2024-11-21 05:00:00,294.89,299.98,-0.008387473789144395
2024-11-22,2260922.0,289.813,288.47,290.28,290.6,288.14,47752,2024-11-22 05:00:00,294.021,299.855,0.00627448261517638
2024-11-25,4610530.0,294.644,291.765,296.19,296.61,291.765,72157,2024-11-25 05:00:00,293.487,299.845,0.020359652749069923
2024-11-26,2156072.0,296.0912,297.0,296.33,297.28,294.83,47973,2024-11-26 05:00:00,293.255,299.8966,0.0004726695702081951
2024-11-27,2185208.0,296.5699,297.0,295.08,299.5,294.98,53657,2024-11-27 05:00:00,293.028,299.95759999999996,-0.004218270171768013
2024-11-29,1526809.0,295.8728,294.16,296.01,297.05,294.018,27997,2024-11-29 05:00:00,292.773,300.0008,0.003151687677917847
2024-12-02,2840384.0,292.33,293.5,292.44,294.23,290.94,54425,2024-12-02 05:00:00,292.754,299.913,-0.012060403364751116
2024-12-03,2910493.0,293.154,292.32,294.5,294.85,290.29,62289,2024-12-03 05:00:00,293.09399999999994,299.8218,0.007044180002735656
2024-12-04,3605577.0,294.6175,292.28,295.09,296.04,291.82,54548,2024-12-04 05:00:00,293.53000000000003,299.7182,0.0020033955857383656
2024-12-05,2543053.0,298.2805,295.54,299.47,299.74,294.9331,54683,2024-12-05 05:00:00,294.38599999999997,299.6982,0.01484292927581432
2024-12-06,3688637.0,300.5285,300.56,298.98,303.7971,298.605,64674,2024-12-06 05:00:00,295.437,299.6048,-0.0016362239957258273
2024-12-09,2247399.0,300.8816,297.585,301.37,302.6178,297.09,58835,2024-12-09 05:00:00,296.546,299.5584,0.007993845742189976
