t,v_PEP,vw,o_PEP,c_PEP,h_PEP,l_PEP,n,t_a,PEP_SMA_10,PEP_SMA_50,PEP_Returns
2023-12-11,6912556.0,167.5848,167.44,167.82,168.13,166.46,87182,2023-12-11 05:00:00,167.85500000000002,165.162,0.012916465475615535
2023-12-12,4515820.0,168.338,169.28,168.47,169.28,167.71,76163,2023-12-12 05:00:00,167.81599999999997,165.148,0.0038731974734835806
2023-12-13,6082063.0,170.8299,168.54,172.01,172.05,168.12,87637,2023-12-13 05:00:00,168.301,165.23420000000002,0.021012643200569725
2023-12-14,7119267.0,169.2582,171.65,168.25,171.97,167.94,106674,2023-12-14 05:00:00,168.29699999999997,165.22100000000003,-0.021859194232893397
2023-12-15,17734645.0,167.1812,167.45,167.0,168.51,166.45,92362,2023-12-15 05:00:00,168.128,165.359,-0.007429420505200568
2023-12-18,5439517.0,169.1091,168.06,168.91,170.25,167.41,78405,2023-12-18 05:00:00,168.105,165.5314,0.011437125748502863
2023-12-19,4855853.0,168.0064,167.935,167.95,168.83,167.31,73665,2023-12-19 05:00:00,168.106,165.6632,-0.005683500088804694
2023-12-20,5157779.0,166.1974,166.51,165.69,167.465,165.67,78806,2023-12-20 05:00:00,167.92399999999998,165.68899999999996,-0.013456385829115791
2023-12-21,4374203.0,166.559,166.5,166.97,167.1,165.39,65491,2023-12-21 05:00:00,167.87499999999997,165.77599999999998,0.007725270082684643
2023-12-22,3030355.0,167.6995,167.36,167.68,168.17,166.86,50750,2023-12-22 05:00:00,168.075,165.968,0.00425226088518893
2023-12-26,2779405.0,168.6519,167.65,168.86,169.42,167.25,49424,2023-12-26 05:00:00,168.179,166.14520000000002,0.007037213740457959
2023-12-27,3502620.0,169.2451,168.9,169.4,169.49,168.36,54895,2023-12-27 05:00:00,168.272,166.3116,0.0031979154329029313
2023-12-28,2911277.0,169.2891,169.4,169.39,169.54,168.7,55931,2023-12-28 05:00:00,168.01000000000002,166.49200000000002,-5.9031877213788775e-05
2023-12-29,3291629.0,169.7212,169.34,169.84,170.065,169.17,52977,2023-12-29 05:00:00,168.169,166.6482,0.002656591298187738
2024-01-02,5743112.0,172.3519,169.52,172.91,172.99,169.19,93081,2024-01-02 05:00:00,168.76000000000002,166.89520000000002,0.01807583608101737
2024-01-03,5588224.0,173.1622,175.0,172.95,175.2,172.6966,80153,2024-01-03 05:00:00,169.164,167.15419999999997,0.00023133422011456517
2024-01-04,6283225.0,171.8613,171.61,171.47,173.53,170.58,73139,2024-01-04 05:00:00,169.516,167.382,-0.00855738652789817
2024-01-05,5252478.0,169.2216,171.57,168.94,171.57,167.56,80563,2024-01-05 05:00:00,169.84099999999998,167.517,-0.014754767597830565
2024-01-08,5735563.0,168.9367,168.94,169.11,169.73,167.79,88154,2024-01-08 05:00:00,170.055,167.65219999999997,0.0010062744169527793
2024-01-09,6268763.0,166.8586,167.79,167.17,167.89,165.93,99829,2024-01-09 05:00:00,170.004,167.76739999999998,-0.011471823073739174
2024-01-10,4394876.0,166.9369,166.59,166.92,167.96,166.2,72854,2024-01-10 05:00:00,169.81,167.9134,-0.0014954836394089899
2024-01-11,4800727.0,165.7382,167.14,166.13,167.14,164.82,88169,2024-01-11 05:00:00,169.483,167.99040000000002,-0.004732806134675194
2024-01-12,3546260.0,166.7332,166.34,167.27,167.38,165.57,58730,2024-01-12 05:00:00,169.27100000000002,168.0702,0.006862095948955815
2024-01-16,4576842.0,166.1893,167.27,166.17,167.52,165.19,78261,2024-01-16 05:00:00,168.904,168.09619999999998,-0.006576194177079109
2024-01-17,4392400.0,166.2961,165.99,166.44,166.727,165.435,77897,2024-01-17 05:00:00,168.257,168.0884,0.0016248420292472865
2024-01-18,4709362.0,166.5192,165.47,167.17,167.28,164.99,70112,2024-01-18 05:00:00,167.679,168.09599999999998,0.004385964912280604
2024-01-19,6528578.0,166.1276,167.14,165.78,167.24,165.57,85662,2024-01-19 05:00:00,167.11,168.07760000000002,-0.008314889035113904
2024-01-22,5669828.0,165.443,165.96,165.11,166.705,165.02,82334,2024-01-22 05:00:00,166.727,168.03619999999998,-0.004041500784171759
2024-01-23,4932727.0,166.9596,164.56,167.64,167.93,164.36,77740,2024-01-23 05:00:00,166.57999999999998,168.04120000000003,0.01532311792138552
2024-01-24,4946700.0,166.1202,167.64,165.6,167.74,165.515,73703,2024-01-24 05:00:00,166.423,168.03,-0.012168933428775897
2024-01-25,5373787.0,165.8,165.81,166.56,166.6,164.935,83130,2024-01-25 05:00:00,166.387,168.02280000000002,0.005797101449275477
2024-01-26,4848792.0,167.5475,166.6,167.86,168.03,166.6,69575,2024-01-26 05:00:00,166.56,168.0246,0.007804995196926123
2024-01-29,5713559.0,168.086,167.53,168.15,168.7,167.3926,70396,2024-01-29 05:00:00,166.64799999999997,168.02540000000002,0.0017276301679971517
2024-01-30,4804243.0,168.938,167.67,169.62,169.7,167.32,70998,2024-01-30 05:00:00,166.993,168.0728,0.008742194469223863
2024-01-31,5769214.0,168.8854,169.96,168.53,170.3838,167.88,82031,2024-01-31 05:00:00,167.202,168.0892,-0.0064261289942223465
2024-02-01,4920789.0,170.8971,168.53,171.7,171.8,167.17,77649,2024-02-01 05:00:00,167.655,168.188,0.018809707470480053
2024-02-02,5307883.0,170.9833,171.235,170.97,171.96,170.1,82957,2024-02-02 05:00:00,168.174,168.27700000000002,-0.004251601630751223
2024-02-05,5142706.0,170.846,170.55,170.92,171.58,169.045,80891,2024-02-05 05:00:00,168.755,168.3394,-0.0002924489676552344
2024-02-06,5182879.0,171.2456,171.45,171.42,171.8252,169.94,74438,2024-02-06 05:00:00,169.13299999999998,168.3834,0.002925345190732509
2024-02-07,5769679.0,171.831,172.63,171.47,172.9,171.38,79494,2024-02-07 05:00:00,169.72,168.4254,0.00029168125072920326
2024-02-08,9269699.0,173.4153,171.72,173.85,174.1,171.41,127222,2024-02-08 05:00:00,170.449,168.53600000000003,0.01387997900507365
2024-02-09,12731739.0,168.397,171.2,167.67,171.39,166.97,159661,2024-02-09 05:00:00,170.43,168.5122,-0.0355478861087144
2024-02-12,7867544.0,169.5991,167.86,170.61,171.0694,167.2,104416,2024-02-12 05:00:00,170.676,168.5812,0.017534442655215754
2024-02-13,7302014.0,168.5329,171.22,168.88,171.45,167.24,108001,2024-02-13 05:00:00,170.602,168.593,-0.010140085575288782
2024-02-14,5731904.0,167.2153,168.34,167.52,168.64,166.06,91272,2024-02-14 05:00:00,170.501,168.56960000000004,-0.008053055423969613
2024-02-15,4451374.0,167.6321,167.95,167.86,168.365,166.68,72187,2024-02-15 05:00:00,170.117,168.54399999999998,0.0020296084049666874
2024-02-16,5245994.0,166.5688,167.21,166.32,167.41,165.68,78483,2024-02-16 05:00:00,169.652,168.5116,-0.009174311926605672
2024-02-20,6117866.0,168.2786,167.74,168.65,169.52,167.185,92488,2024-02-20 05:00:00,169.425,168.53440000000003,0.014009139009139027
2024-02-21,4195366.0,168.7706,169.95,168.83,170.18,167.855,70884,2024-02-21 05:00:00,169.166,168.5618,0.0010672991402311816
2024-02-22,7539232.0,167.9452,167.64,168.25,168.8298,166.1,94238,2024-02-22 05:00:00,168.844,168.6132,-0.0034354083989812656
2024-02-23,6409765.0,169.3981,167.94,169.6,170.25,167.8,69995,2024-02-23 05:00:00,168.419,168.64879999999997,0.008023774145616613
2024-02-26,3836980.0,168.3836,169.42,168.26,169.42,167.71,65133,2024-02-26 05:00:00,168.478,168.6446,-0.00790094339622649
2024-02-27,3567644.0,167.9762,167.82,168.16,168.22,167.35,57536,2024-02-27 05:00:00,168.233,168.56759999999997,-0.0005943183168904964
2024-02-28,5275282.0,167.0925,168.12,167.03,168.5,166.45,75988,2024-02-28 05:00:00,168.048,168.54319999999998,-0.006719790675547066
2024-02-29,8489449.0,165.4778,166.21,165.34,166.68,164.91,93478,2024-02-29 05:00:00,167.82999999999998,168.51,-0.010117942884511733
2024-03-01,6109856.0,164.2378,164.86,164.59,165.0,163.25,95735,2024-03-01 05:00:00,167.50300000000001,168.4236,-0.004536107415023638
2024-03-04,4303882.0,165.0059,164.45,165.37,165.65,163.6,78706,2024-03-04 05:00:00,167.408,168.37199999999996,0.004739048544869062
2024-03-05,6631346.0,162.8308,165.22,162.04,165.5,161.81,102774,2024-03-05 05:00:00,166.747,168.299,-0.02013666324000729
2024-03-06,5302463.0,163.1677,162.06,163.0,163.99,162.04,88312,2024-03-06 05:00:00,166.164,168.21959999999999,0.005924463095531962
2024-03-07,5801610.0,163.0884,163.82,163.11,163.9,162.5,76141,2024-03-07 05:00:00,165.65,168.1282,0.0006748466257668895
2024-03-08,6065294.0,163.0998,162.32,163.05,164.2,162.09,93203,2024-03-08 05:00:00,164.995,168.012,-0.0003678499172338201
2024-03-11,5404790.0,164.4114,163.92,164.73,165.42,163.31,84985,2024-03-11 04:00:00,164.642,167.91859999999997,0.010303587856485663
2024-03-12,6158507.0,164.7214,165.14,164.54,165.42,163.96,70219,2024-03-12 04:00:00,164.28,167.8216,-0.0011534025374855261
2024-03-13,4585789.0,165.355,165.1,165.3,166.14,164.74,73010,2024-03-13 04:00:00,164.107,167.7308,0.004618937644341958
2024-03-14,5155326.0,164.8706,166.26,164.78,166.26,164.2,76065,2024-03-14 04:00:00,164.051,167.5682,-0.003145795523291084
2024-03-15,21887267.0,164.6306,165.06,164.66,165.38,163.64,90330,2024-03-15 04:00:00,164.05800000000002,167.40240000000003,-0.000728243718897903
2024-03-18,10483048.0,170.8001,167.05,171.26,172.18,166.95,133753,2024-03-18 04:00:00,164.647,167.3982,0.04008259443702178
2024-03-19,7653926.0,171.7635,171.1,171.8,172.65,171.0,92635,2024-03-19 04:00:00,165.623,167.45539999999997,0.003153100548873189
2024-03-20,5046920.0,171.9451,172.3,171.86,173.1,171.12,81872,2024-03-20 04:00:00,166.50900000000001,167.5104,0.00034924330617003285
2024-03-21,4343007.0,172.5661,171.92,172.45,173.42,171.05,73904,2024-03-21 04:00:00,167.44299999999998,167.616,0.0034330268823459242
2024-03-22,4106531.0,172.1879,173.02,172.02,173.1,171.76,59899,2024-03-22 04:00:00,168.34,167.718,-0.002493476369962222
2024-03-25,3941985.0,172.6121,172.2,172.6,173.09,172.108,65244,2024-03-25 04:00:00,169.127,167.8474,0.003371700965004054
2024-03-26,4593166.0,172.4325,172.17,172.73,172.97,171.815,69957,2024-03-26 04:00:00,169.946,167.9566,0.0007531865585168607
2024-03-27,4911274.0,173.6175,173.998,173.57,174.69,173.05,69929,2024-03-27 04:00:00,170.773,168.1046,0.004863081109245604
2024-03-28,5710539.0,175.1401,174.76,175.01,175.81,174.37,84257,2024-03-28 04:00:00,171.796,168.27599999999998,0.008296364579132298
2024-04-01,4815366.0,173.4208,175.57,172.98,176.23,172.65,72973,2024-04-01 04:00:00,172.628,168.3922,-0.011599337180732583
2024-04-02,5158492.0,171.956,172.94,171.44,173.87,171.36,67803,2024-04-02 04:00:00,172.64600000000002,168.50539999999998,-0.00890276332523987
2024-04-03,5828024.0,169.9962,170.0,169.68,170.92,168.7,84295,2024-04-03 04:00:00,172.434,168.5968,-0.010265982267848806
2024-04-04,5422567.0,170.2537,170.92,169.65,171.78,169.33,76904,2024-04-04 04:00:00,172.213,168.63699999999997,-0.00017680339462522454
2024-04-05,4412390.0,169.185,169.4,169.14,169.97,168.065,78687,2024-04-05 04:00:00,171.882,168.70780000000002,-0.0030061892130859302
2024-04-08,3755725.0,169.5748,169.15,169.58,170.05,168.74,61132,2024-04-08 04:00:00,171.638,168.7682,0.0026013952938395146
2024-04-09,3774304.0,170.1409,170.225,170.61,170.72,168.73,60058,2024-04-09 04:00:00,171.439,168.82319999999999,0.006073829461021418
2024-04-10,4581676.0,168.6914,169.57,168.95,169.63,167.77,70749,2024-04-10 04:00:00,171.06099999999998,168.83919999999998,-0.009729793095363815
2024-04-11,4241563.0,168.5398,169.62,168.36,169.87,167.77,60992,2024-04-11 04:00:00,170.54000000000002,168.81400000000002,-0.0034921574430303304
2024-04-12,5453736.0,168.0727,167.69,168.1,168.51,167.32,76348,2024-04-12 04:00:00,169.849,168.80540000000002,-0.001544309812307021
2024-04-15,4913908.0,167.2019,169.21,166.95,169.35,166.03,85641,2024-04-15 04:00:00,169.246,168.71040000000002,-0.006841165972635399
2024-04-16,4364233.0,167.8662,167.03,167.5,168.51,166.89,76610,2024-04-16 04:00:00,168.852,168.641,0.0032943995208147836
2024-04-17,3898040.0,169.0277,169.09,169.48,169.7,168.21,74248,2024-04-17 04:00:00,168.83200000000002,168.61219999999997,0.011820895522387964
2024-04-18,5383552.0,171.6617,170.1,172.27,172.68,170.1,83103,2024-04-18 04:00:00,169.094,168.62919999999997,0.016462119424121013
2024-04-19,6235289.0,173.2833,172.28,174.13,174.27,171.8,91818,2024-04-19 04:00:00,169.59300000000002,168.68240000000003,0.010797004701921242
2024-04-22,7182279.0,176.1365,174.41,176.46,177.2,174.03,111434,2024-04-22 04:00:00,170.281,168.7346,0.013380807442715303
2024-04-23,9001977.0,172.0634,174.7,171.22,174.88,170.14,125559,2024-04-23 04:00:00,170.342,168.80559999999997,-0.02969511504023581
2024-04-24,9763622.0,175.6083,168.5,177.41,178.09,167.65,144775,2024-04-24 04:00:00,171.18800000000002,168.9416,0.03615231865436286
2024-04-25,7358547.0,177.7208,178.28,176.68,180.63,175.82,111476,2024-04-25 04:00:00,172.01999999999998,169.09759999999997,-0.004114762414745399
2024-04-26,4319353.0,176.3397,174.44,175.58,178.57,174.34,76822,2024-04-26 04:00:00,172.768,169.25879999999998,-0.006225945211682071
2024-04-29,3101392.0,175.7908,175.5,176.14,176.315,175.02,66178,2024-04-29 04:00:00,173.68699999999998,169.42440000000002,0.003189429319967907
2024-04-30,4334969.0,175.6829,176.27,175.91,176.47,174.8404,80747,2024-04-30 04:00:00,174.528,169.61620000000002,-0.001305779493584569
2024-05-01,4252202.0,175.2706,175.46,175.15,176.23,173.66,83771,2024-05-01 04:00:00,175.09499999999997,169.7462,-0.004320391109089772
2024-05-02,3714727.0,175.6569,175.58,175.45,176.32,174.55,69611,2024-05-02 04:00:00,175.41299999999998,169.8786,0.0017128175849270288
2024-05-03,3417007.0,175.9111,175.8,176.15,176.49,175.0,70699,2024-05-03 04:00:00,175.615,170.0366,0.003989740666856756
2024-05-06,3247045.0,175.6916,176.76,175.82,176.76,175.13,65350,2024-05-06 04:00:00,175.551,170.16099999999997,-0.0018734033494182123
2024-05-07,3280556.0,177.5851,177.0,178.02,178.15,176.51,63170,2024-05-07 04:00:00,176.231,170.35620000000003,0.012512797178933166
2024-05-08,3311032.0,177.8302,178.71,177.41,178.88,177.19,63594,2024-05-08 04:00:00,176.231,170.54120000000003,-0.003426581283001995
2024-05-09,2395640.0,177.8789,177.26,178.06,178.43,177.09,51869,2024-05-09 04:00:00,176.369,170.7618,0.0036638295473760962
2024-05-10,3384655.0,179.5413,177.95,179.79,180.16,177.61,63419,2024-05-10 04:00:00,176.79,171.0508,0.00971582612602484
2024-05-13,3916718.0,180.6445,180.51,180.9,181.35,179.85,70084,2024-05-13 04:00:00,177.26600000000002,171.377,0.00617386951443355
2024-05-14,3462215.0,179.6938,181.05,179.87,181.28,178.6,69145,2024-05-14 04:00:00,177.66199999999998,171.66699999999997,-0.005693753454947492
2024-05-15,4686223.0,179.6135,179.24,179.46,180.4,179.0,73780,2024-05-15 04:00:00,178.093,172.0154,-0.002279424028465038
2024-05-16,5847331.0,182.1974,179.63,183.11,183.41,179.46,96530,2024-05-16 04:00:00,178.859,172.4176,0.020338794160258633
2024-05-17,4219986.0,182.4138,182.59,182.19,182.96,181.83,66628,2024-05-17 04:00:00,179.46300000000002,172.79919999999998,-0.00502430233193174
2024-05-20,2837604.0,180.5008,182.09,180.31,182.13,179.9123,60470,2024-05-20 04:00:00,179.912,173.1444,-0.010318897853888731
2024-05-21,3044886.0,180.8841,181.5,181.08,181.58,179.8,56728,2024-05-21 04:00:00,180.21800000000002,173.47140000000002,0.004270423160113168
2024-05-22,3840494.0,181.703,180.45,182.09,182.13,179.98,64387,2024-05-22 04:00:00,180.686,173.8224,0.005577645239672968
2024-05-23,3245791.0,179.9354,181.33,179.27,181.89,179.04,64397,2024-05-23 04:00:00,180.80700000000002,174.1018,-0.01548684716349058
2024-05-24,3241250.0,178.4048,179.37,177.99,179.42,177.87,61004,2024-05-24 04:00:00,180.627,174.36599999999999,-0.007140068053773652
2024-05-28,5717255.0,173.3855,176.23,173.38,176.275,171.9,102049,2024-05-28 04:00:00,179.875,174.5404,-0.025900331479296712
2024-05-29,4831878.0,171.4901,172.43,171.15,173.18,170.72,81461,2024-05-29 04:00:00,179.00300000000001,174.5382,-0.012861921790287223
2024-05-30,3506758.0,170.7941,171.35,170.48,171.71,170.4,70330,2024-05-30 04:00:00,178.10500000000002,174.5118,-0.003914694712240818
2024-05-31,7583453.0,171.7218,169.89,172.9,172.97,169.52,86912,2024-05-31 04:00:00,177.084,174.53259999999997,0.014195213514781813
2024-06-03,4573392.0,171.8386,172.72,171.23,172.9,171.03,80985,2024-06-03 04:00:00,175.988,174.5082,-0.00965876229034135
2024-06-04,4199508.0,173.4472,171.21,173.89,174.39,170.815,72600,2024-06-04 04:00:00,175.346,174.5456,0.015534660982304382
2024-06-05,3676446.0,173.2445,173.84,173.49,173.97,171.96,66062,2024-06-05 04:00:00,174.58700000000002,174.5634,-0.0023003047903845664
2024-06-06,3986445.0,173.3566,174.0,173.2,174.4,172.675,69809,2024-06-06 04:00:00,173.698,174.57280000000003,-0.0016715660845006974
2024-06-07,3231237.0,171.4037,171.5,171.04,172.51,170.75,59670,2024-06-07 04:00:00,172.875,174.52219999999997,-0.012471131639722799
2024-06-10,9091249.0,166.4659,170.11,165.9,170.37,165.62,141589,2024-06-10 04:00:00,171.666,174.34,-0.030051449953227283
2024-06-11,7908128.0,164.9799,164.87,165.07,165.46,163.51,105197,2024-06-11 04:00:00,170.83499999999998,174.1818,-0.005003013863773442
2024-06-12,5921197.0,163.7237,164.88,163.83,165.3275,162.4448,105200,2024-06-12 04:00:00,170.103,174.02960000000002,-0.007511964621069733
2024-06-13,5163435.0,162.7359,162.08,163.33,163.56,161.54,83740,2024-06-13 04:00:00,169.38799999999998,173.9026,-0.003051944088384273
2024-06-14,3462278.0,163.6715,163.13,163.81,164.39,162.5291,61913,2024-06-14 04:00:00,168.47899999999998,173.78580000000002,0.0029388354864383626
2024-06-17,5265651.0,165.5902,163.49,166.14,166.41,162.79,83913,2024-06-17 04:00:00,167.97,173.7258,0.014223795861058486
2024-06-18,3285167.0,166.2621,166.1,166.48,167.07,165.25,63065,2024-06-18 04:00:00,167.22899999999998,173.66379999999998,0.0020464668351991566
2024-06-20,4334436.0,166.7042,165.73,166.68,167.64,165.73,70874,2024-06-20 04:00:00,166.548,173.58520000000001,0.0012013455069679324
2024-06-21,10057007.0,167.3205,167.21,167.28,169.07,166.45,74700,2024-06-21 04:00:00,165.95600000000002,173.55180000000001,0.003599712023038215
2024-06-24,4168992.0,168.1261,167.5,168.08,169.6099,167.09,76473,2024-06-24 04:00:00,165.66,173.5462,0.004782400765184214
2024-06-25,4015935.0,167.6012,168.08,167.35,168.96,167.25,63471,2024-06-25 04:00:00,165.805,173.53119999999998,-0.004343169919086232
2024-06-26,4518892.0,166.3238,165.89,166.74,167.01,164.85,72140,2024-06-26 04:00:00,165.972,173.52700000000002,-0.0036450552733791053
2024-06-27,4191249.0,166.1877,166.63,166.26,167.25,165.27,71643,2024-06-27 04:00:00,166.21499999999997,173.50220000000002,-0.0028787333573229157
2024-06-28,7394809.0,165.0739,165.3,164.93,166.22,164.62,87364,2024-06-28 04:00:00,166.375,173.41120000000004,-0.007999518825935192
2024-07-01,4424049.0,163.4502,165.04,162.89,166.06,162.58,80969,2024-07-01 04:00:00,166.28300000000002,173.2236,-0.012368883768871797
2024-07-02,4343884.0,163.3699,163.5,163.58,164.47,162.32,68308,2024-07-02 04:00:00,166.027,173.0126,0.004235987476211012
2024-07-03,2819614.0,162.755,162.92,162.6,164.13,161.96,51204,2024-07-03 04:00:00,165.63899999999998,172.7354,-0.00599095243917358
2024-07-05,3809803.0,163.9284,162.64,164.39,164.52,162.47,68519,2024-07-05 04:00:00,165.41000000000003,172.5988,0.011008610086100878
2024-07-08,4760526.0,162.5172,163.06,162.12,163.75,161.92,81910,2024-07-08 04:00:00,164.89399999999998,172.29300000000003,-0.013808625828821586
2024-07-09,5482251.0,161.956,162.19,161.9,162.56,161.5,77184,2024-07-09 04:00:00,164.276,171.99740000000003,-0.0013570194917345013
2024-07-10,7247711.0,162.9228,161.84,163.59,163.77,160.66,106138,2024-07-10 04:00:00,163.9,171.75760000000002,0.010438542310067911
2024-07-11,10016573.0,162.8539,159.1,163.95,164.89,158.03,146878,2024-07-11 04:00:00,163.621,171.51379999999997,0.0022006235099945037
2024-07-12,6463436.0,166.7144,164.96,166.38,168.03,164.96,100606,2024-07-12 04:00:00,163.633,171.32319999999999,0.014821591948764867
2024-07-15,4376831.0,164.5515,166.01,163.86,166.2981,163.65,77894,2024-07-15 04:00:00,163.526,171.09740000000002,-0.015146051208077771
2024-07-16,4029184.0,164.2601,163.41,164.76,165.04,162.84,69847,2024-07-16 04:00:00,163.713,170.88359999999997,0.005492493592090586
2024-07-17,6988151.0,169.15,166.04,169.89,170.07,165.8913,109709,2024-07-17 04:00:00,164.344,170.7584,0.0311361981063365
2024-07-18,5956654.0,171.1071,168.71,170.37,172.67,168.39,105388,2024-07-18 04:00:00,165.121,170.64939999999999,0.0028253575843193435
2024-07-19,4694327.0,169.3643,170.28,169.36,170.485,168.47,69693,2024-07-19 04:00:00,165.618,170.47619999999998,-0.005928273757116798
2024-07-22,4494459.0,167.9614,169.26,167.66,169.71,167.35,69665,2024-07-22 04:00:00,166.172,170.28119999999998,-0.010037789324515933
2024-07-23,3253870.0,166.6983,167.79,166.28,168.36,166.18,62124,2024-07-23 04:00:00,166.60999999999999,170.0456,-0.008230943576285288
2024-07-24,5217901.0,167.6199,166.28,168.17,168.67,164.95,86338,2024-07-24 04:00:00,167.068,169.8132,0.011366369978349722
2024-07-25,5990553.0,171.0285,169.49,171.02,173.49,168.86,110848,2024-07-25 04:00:00,167.775,169.61559999999997,0.016947136825831155
2024-07-26,4728565.0,172.2533,170.73,172.75,172.76,170.73,82380,2024-07-26 04:00:00,168.41199999999998,169.4732,0.010115775932639348
2024-07-29,4096909.0,172.6324,172.29,173.21,173.49,170.85,72128,2024-07-29 04:00:00,169.347,169.3482,0.002662807525325661
2024-07-30,4555001.0,172.8063,172.69,173.18,173.45,171.55,77045,2024-07-30 04:00:00,170.18900000000002,169.14960000000002,-0.00017320016165345287
2024-07-31,5915813.0,173.2283,173.92,172.67,174.69,172.2557,84662,2024-07-31 04:00:00,170.46699999999998,168.9592,-0.0029449128074836572
2024-08-01,5758513.0,174.3452,172.53,174.96,175.56,172.5,94331,2024-08-01 04:00:00,170.926,168.8522,0.013262292233740869
2024-08-02,6494305.0,177.7101,178.84,178.04,179.95,173.84,107827,2024-08-02 04:00:00,171.79399999999998,168.79139999999998,0.017604023776863098
2024-08-05,7224453.0,175.196,179.52,174.04,180.91,173.16,127735,2024-08-05 04:00:00,172.43200000000002,168.6304,-0.022466861379465297
2024-08-06,6927101.0,173.4711,173.28,172.49,176.21,172.36,105267,2024-08-06 04:00:00,173.05300000000003,168.4948,-0.008905998621006606
2024-08-07,5132438.0,172.743,171.62,171.79,174.39,171.33,79631,2024-08-07 04:00:00,173.41500000000002,168.37080000000003,-0.0040582062728274915
2024-08-08,4580526.0,172.2378,170.21,172.37,173.0,169.81,78075,2024-08-08 04:00:00,173.55,168.3506,0.0033762151463998524
2024-08-09,3048859.0,171.8583,172.09,172.39,172.78,170.39,59586,2024-08-09 04:00:00,173.514,168.3754,0.00011602947148570131
2024-08-12,3746752.0,171.5661,172.24,171.42,172.87,170.705,62529,2024-08-12 04:00:00,173.33499999999998,168.3942,-0.005626776495156305
2024-08-13,3777241.0,171.9317,171.62,172.37,172.42,170.22,62047,2024-08-13 04:00:00,173.254,168.3836,0.005541943763854862
2024-08-14,3298648.0,173.6589,172.23,173.71,174.34,171.93,63098,2024-08-14 04:00:00,173.358,168.4332,0.007773974589545762
2024-08-15,4318309.0,172.5485,173.71,172.52,174.3,171.83,69080,2024-08-15 04:00:00,173.114,168.40579999999997,-0.0068504979563640545
2024-08-16,4321778.0,172.3218,172.52,172.62,172.78,171.1059,63158,2024-08-16 04:00:00,172.572,168.3884,0.0005796429399489433
2024-08-19,2973340.0,173.5862,172.66,173.82,173.98,172.44,52033,2024-08-19 04:00:00,172.55,168.40079999999998,0.006951685783802564
2024-08-20,5190622.0,175.1886,173.53,175.85,176.03,172.5,73498,2024-08-20 04:00:00,172.88600000000002,168.497,0.011678748130249605
2024-08-21,3915386.0,175.395,175.94,175.21,176.82,174.6239,69989,2024-08-21 04:00:00,173.228,168.6832,-0.003639465453511459
2024-08-22,3289298.0,175.494,175.83,175.74,176.08,174.7,67349,2024-08-22 04:00:00,173.565,168.8966,0.0030249414987728596
2024-08-23,4772654.0,175.2577,176.63,175.87,176.68,173.67,75327,2024-08-23 04:00:00,173.91299999999998,169.13739999999999,0.0007397291453283827
2024-08-26,3551868.0,176.1575,176.32,175.97,176.84,175.73,68863,2024-08-26 04:00:00,174.368,169.3902,0.000568601808153657
2024-08-27,3382648.0,175.4296,176.31,175.3,176.88,174.52,60327,2024-08-27 04:00:00,174.661,169.62,-0.0038074671819059436
2024-08-28,3718129.0,174.092,175.55,173.92,175.7432,173.35,67975,2024-08-28 04:00:00,174.682,169.77560000000003,-0.00787221905305202
2024-08-29,4578312.0,172.559,173.76,172.09,173.96,171.91,84109,2024-08-29 04:00:00,174.63899999999998,169.88780000000003,-0.010522079116835226
2024-08-30,8190564.0,172.5828,172.06,172.88,173.56,171.25,95052,2024-08-30 04:00:00,174.66500000000002,170.0118,0.004590621186588262
2024-09-03,6917569.0,176.6199,172.38,177.54,177.89,171.88,117580,2024-09-03 04:00:00,175.03699999999998,170.217,0.026955113373438255
2024-09-04,6041704.0,178.2411,177.9,178.52,179.65,176.29,111326,2024-09-04 04:00:00,175.304,170.4258,0.005519882843302959
2024-09-05,5545654.0,178.7563,178.73,179.3,179.73,177.52,104248,2024-09-05 04:00:00,175.713,170.66479999999999,0.0043692583464036705
2024-09-06,5965518.0,177.5986,177.44,177.34,178.58,177.0,98968,2024-09-06 04:00:00,175.873,170.8768,-0.010931399888455151
2024-09-09,3930232.0,178.0156,177.05,178.19,178.79,175.855,78137,2024-09-09 04:00:00,176.10500000000002,171.11540000000002,0.004793052892748451
2024-09-10,3454754.0,178.2052,178.65,177.81,179.1,177.64,70009,2024-09-10 04:00:00,176.28900000000002,171.373,-0.002132555137774217
2024-09-11,3691498.0,175.5662,177.44,175.78,177.75,174.425,80380,2024-09-11 04:00:00,176.33700000000002,171.6308,-0.011416680726618278
2024-09-12,4177612.0,176.4735,175.78,177.25,177.69,173.95,79129,2024-09-12 04:00:00,176.67000000000002,171.90419999999997,0.00836272613494149
2024-09-13,3195606.0,177.2638,177.445,177.36,177.96,176.365,71251,2024-09-13 04:00:00,177.197,172.1994,0.0006205923836390959
2024-09-16,4111249.0,177.2365,179.0,177.21,179.425,176.35,73329,2024-09-16 04:00:00,177.63,172.4558,-0.0008457374830852515
2024-09-17,5745616.0,176.9995,177.0,176.87,178.09,176.3,73002,2024-09-17 04:00:00,177.56300000000002,172.75079999999997,-0.001918627616951607
2024-09-18,5139834.0,175.9145,176.86,175.21,178.06,174.43,93363,2024-09-18 04:00:00,177.23200000000003,173.017,-0.009385424322949087
2024-09-19,4930019.0,174.8006,175.75,174.66,176.22,174.15,98517,2024-09-19 04:00:00,176.768,173.2384,-0.0031390902345757032
2024-09-20,11168354.0,171.4243,172.57,171.18,173.77,170.22,119892,2024-09-20 04:00:00,176.152,173.38300000000004,-0.01992442459635857
2024-09-23,5296044.0,172.2697,170.87,172.11,173.94,170.725,89186,2024-09-23 04:00:00,175.544,173.49759999999998,0.005432877672625347
2024-09-24,7602691.0,170.3515,170.99,169.92,171.6,169.5,103110,2024-09-24 04:00:00,174.755,173.61879999999996,-0.012724420428795735
2024-09-25,4266508.0,169.5407,170.4,169.4,170.765,168.7623,76418,2024-09-25 04:00:00,174.11700000000002,173.7116,-0.0030602636534838856
2024-09-26,5396823.0,169.7965,169.22,169.69,171.0,168.68,93631,2024-09-26 04:00:00,173.36100000000002,173.70759999999999,0.00171192443919721
2024-09-27,6881079.0,170.4063,169.96,170.0,171.645,169.68,108827,2024-09-27 04:00:00,172.625,173.7002,0.0018268607460663056
2024-09-30,4832565.0,170.1288,170.58,170.05,171.74,169.58,88348,2024-09-30 04:00:00,171.90900000000002,173.71400000000003,0.0002941176470590001
2024-10-01,6108466.0,171.0842,171.29,171.38,171.94,169.77,106026,2024-10-01 04:00:00,171.35999999999999,173.7884,0.007821229050279266
2024-10-02,5690599.0,169.4196,171.5,169.55,171.74,168.52,94498,2024-10-02 04:00:00,170.794,173.85379999999998,-0.010678025440541417
2024-10-03,4991440.0,168.4596,168.14,168.53,169.105,167.17,89910,2024-10-03 04:00:00,170.181,173.861,-0.006015924506045489
2024-10-04,4312303.0,167.8499,167.15,167.97,168.5,166.82,90095,2024-10-04 04:00:00,169.85999999999999,173.8,-0.0033228505310627376
2024-10-07,5119458.0,167.1648,167.72,167.21,167.93,166.455,99398,2024-10-07 04:00:00,169.36999999999998,173.68920000000003,-0.004524617491218574
2024-10-08,7524795.0,169.3673,167.72,170.42,170.65,166.85,123825,2024-10-08 04:00:00,169.42000000000002,173.6334,0.019197416422462643
2024-10-09,7053045.0,172.0903,169.38,172.54,173.28,169.1,99884,2024-10-09 04:00:00,169.73399999999998,173.62059999999997,0.012439854477173995
2024-10-10,5154521.0,172.4826,172.07,172.99,173.06,171.22,86888,2024-10-10 04:00:00,170.06400000000002,173.627,0.002608090877477709
2024-10-11,4588970.0,174.2524,174.0,174.81,175.175,172.87,84381,2024-10-11 04:00:00,170.545,173.62400000000002,0.01052083935487591
2024-10-14,3844338.0,175.49,174.955,176.1,176.27,174.44,75233,2024-10-14 04:00:00,171.15,173.58520000000001,0.007379440535438375
2024-10-15,4983794.0,176.0309,176.355,175.9,177.39,175.12,99338,2024-10-15 04:00:00,171.602,173.62240000000003,-0.0011357183418511108
2024-10-16,4367272.0,174.3873,175.01,174.48,175.33,173.63,75478,2024-10-16 04:00:00,172.09499999999997,173.6622,-0.008072768618533344
2024-10-17,3895692.0,174.5525,174.38,174.67,175.47,173.695,66877,2024-10-17 04:00:00,172.709,173.7198,0.0010889500229251947
2024-10-18,4134072.0,174.4732,172.3,175.06,175.33,172.12,65930,2024-10-18 04:00:00,173.41799999999998,173.77360000000002,0.0022327818171410385
2024-10-21,5917936.0,175.5152,174.46,175.01,177.5,174.348731,84734,2024-10-21 04:00:00,174.198,173.826,-0.00028561636010515645
2024-10-22,3590835.0,174.2901,174.51,174.37,174.95,173.505,64769,2024-10-22 04:00:00,174.59300000000002,173.885,-0.0036569338894919534
2024-10-23,3520771.0,173.1267,173.7,172.95,173.84,172.47,74474,2024-10-23 04:00:00,174.634,173.8966,-0.008143602683947981
2024-10-24,3540025.0,172.2491,172.92,172.16,173.535,171.7,68840,2024-10-24 04:00:00,174.551,173.86559999999997,-0.004567794160161842
2024-10-25,3468261.0,172.4822,172.47,171.79,174.0,171.6,74415,2024-10-25 04:00:00,174.249,173.85100000000003,-0.00214916356877326
2024-10-28,4245220.0,170.3497,172.98,169.84,172.98,169.725,77073,2024-10-28 04:00:00,173.623,173.7954,-0.011351068164619504
2024-10-29,4894915.0,167.7768,169.2,167.5,169.2,166.97,86421,2024-10-29 04:00:00,172.783,173.669,-0.013777673104097943
2024-10-30,4387627.0,166.5421,167.0,166.21,167.6399,166.08,84316,2024-10-30 04:00:00,171.956,173.47619999999998,-0.007701492537313337
2024-10-31,5158544.0,166.4803,166.1,166.08,167.5048,165.81,85163,2024-10-31 04:00:00,171.097,173.2936,-0.0007821430720172939
2024-11-01,4215713.0,165.6917,166.09,165.59,166.25,165.21,76916,2024-11-01 04:00:00,170.15,173.09059999999997,-0.0029503853564547544
2024-11-04,4587599.0,166.1292,165.59,166.34,166.65,165.1852,74270,2024-11-04 05:00:00,169.283,172.9,0.0045292590132255395
2024-11-05,3324025.0,167.4798,165.95,167.85,167.96,165.67,60977,2024-11-05 05:00:00,168.631,172.7376,0.00907779247324747
2024-11-06,7269516.0,164.8294,167.37,164.71,167.41,163.6,125124,2024-11-06 05:00:00,167.80700000000002,172.52579999999998,-0.018707179028894738
2024-11-07,4843523.0,164.2027,164.5,164.0,164.9,163.47,90401,2024-11-07 05:00:00,166.991,172.32739999999998,-0.004310606520551374
2024-11-08,4404332.0,165.1439,163.84,165.11,165.82,163.645,69615,2024-11-08 05:00:00,166.323,172.18779999999998,0.006768292682926891
2024-11-11,3449748.0,164.5607,164.41,164.26,166.15,163.98,71872,2024-11-11 05:00:00,165.765,172.0154,-0.005148083096117917
2024-11-12,4500757.0,164.1708,164.09,164.34,165.0,163.15,79498,2024-11-12 05:00:00,165.449,171.7514,0.00048703275295269854
2024-11-13,3966558.0,163.8637,163.49,164.74,164.8,162.37,80357,2024-11-13 05:00:00,165.30200000000002,171.4758,0.002433978337592846
2024-11-14,5165605.0,165.5443,164.74,165.15,166.885,163.83,94464,2024-11-14 05:00:00,165.209,171.19279999999998,0.0024887701833191667
2024-11-15,8778223.0,159.5411,164.38,158.62,164.38,158.05,158918,2024-11-15 05:00:00,164.512,170.8184,-0.03953981229185588
2024-11-18,5623185.0,158.7927,159.405,158.33,159.85,157.76,115340,2024-11-18 05:00:00,163.711,170.4212,-0.0018282688185600193
2024-11-19,6798687.0,156.6949,157.75,156.72,157.87,155.85,98053,2024-11-19 05:00:00,162.598,169.99939999999998,-0.010168635129160664
2024-11-20,4680789.0,158.0941,156.45,158.74,159.11,156.2,84944,2024-11-20 05:00:00,162.001,169.6586,0.012889229198570717
2024-11-21,5047719.0,159.8187,158.39,160.34,160.5,157.95,79833,2024-11-21 05:00:00,161.635,169.3204,0.010079375078745123
2024-11-22,5318539.0,161.1651,160.9,162.0,162.06,159.89,83933,2024-11-22 05:00:00,161.324,169.01319999999998,0.010352999875264945
2024-11-25,7545298.0,162.8676,162.7,163.05,163.59,162.0,83526,2024-11-25 05:00:00,161.20300000000003,168.73,0.0064814814814815325
2024-11-26,4413082.0,162.2567,163.27,162.16,163.68,161.9,75390,2024-11-26 05:00:00,160.98499999999999,168.43580000000003,-0.005458448328733656
2024-11-27,3489465.0,163.1715,161.94,162.72,165.13,161.68,63311,2024-11-27 05:00:00,160.783,168.18599999999998,0.003453379378391741
2024-11-29,2537829.0,162.9704,161.43,163.45,163.585,160.95,44144,2024-11-29 05:00:00,160.613,167.9618,0.004486234021632285
2024-12-02,4606893.0,162.8318,163.315,163.05,163.65,161.76,69730,2024-12-02 05:00:00,161.05599999999998,167.79919999999998,-0.002447231569287056
2024-12-03,3981010.0,162.1284,162.84,161.7,163.05,161.42,68204,2024-12-03 05:00:00,161.393,167.591,-0.008279668813247598
2024-12-04,6085443.0,160.0495,160.6,160.18,161.0327,159.41,81631,2024-12-04 05:00:00,161.739,167.39620000000002,-0.009400123685837869
2024-12-05,4957691.0,160.2031,160.93,160.49,161.01,158.83,74100,2024-12-05 05:00:00,161.91400000000002,167.21800000000002,0.0019353227618927882
2024-12-06,6882573.0,158.6036,159.35,157.79,160.8,157.69,90358,2024-12-06 05:00:00,161.65900000000002,166.98,-0.016823478098323963
2024-12-09,7889624.0,159.6742,157.91,159.47,161.5,157.14,102837,2024-12-09 05:00:00,161.406,166.76940000000002,0.010647062551492503
