t,v_TMO,vw,o_TMO,c_TMO,h_TMO,l_TMO,n,t_a,TMO_SMA_10,TMO_SMA_50,TMO_Returns
2023-12-11,2030858.0,494.4541,492.56,494.99,497.4525,491.33,44469,2023-12-11 05:00:00,493.034,473.8354,0.010658063989219535
2023-12-12,1420265.0,496.4774,496.33,497.37,498.51,491.47,34530,2023-12-12 05:00:00,494.179,473.86699999999996,0.004808177942988712
2023-12-13,2776711.0,510.4244,498.59,518.54,518.87,496.88,52639,2023-12-13 05:00:00,496.741,474.24559999999997,0.04256388604057326
2023-12-14,2763855.0,523.4274,529.54,521.52,534.43,520.13,56415,2023-12-14 05:00:00,499.317,474.62700000000007,0.005746904771088079
2023-12-15,4354941.0,519.2368,520.77,518.03,523.48,517.72,46687,2023-12-15 05:00:00,501.50699999999995,475.0272,-0.006691977297131446
2023-12-18,1593356.0,518.8887,521.13,518.62,523.86,515.6,29605,2023-12-18 05:00:00,503.83500000000004,475.4286,0.0011389301777890992
2023-12-19,2569382.0,526.4098,521.01,528.14,528.8572,519.81,44498,2023-12-19 05:00:00,507.4889999999999,476.06880000000007,0.01835640738883959
2023-12-20,1497316.0,524.5843,528.0,519.43,532.49,519.37,35390,2023-12-20 05:00:00,510.05100000000004,476.53439999999995,-0.016491839285038168
2023-12-21,1016630.0,524.7361,518.07,526.56,527.03,518.07,28962,2023-12-21 05:00:00,513.2969999999999,477.21299999999997,0.013726584910382478
2023-12-22,1081485.0,529.2318,528.09,529.05,532.92,526.8988,31441,2023-12-22 05:00:00,517.225,478.14279999999997,0.004728805834093075
2023-12-26,639110.0,528.8702,526.88,529.7,531.24,525.7808,20427,2023-12-26 05:00:00,520.6959999999999,479.0798,0.0012286173329554284
2023-12-27,805991.0,531.2881,530.81,531.65,533.07,529.295,23927,2023-12-27 05:00:00,524.124,479.94200000000006,0.0036813290541815036
2023-12-28,763369.0,533.6858,533.0,532.94,536.0,531.5,23605,2023-12-28 05:00:00,525.564,480.9054,0.0024264083513592105
2023-12-29,804285.0,531.175,531.21,530.79,533.97,529.52,26263,2023-12-29 05:00:00,526.491,482.176,-0.004034225241115519
2024-01-02,2310861.0,542.9032,529.56,544.15,546.1,527.37,55039,2024-01-02 05:00:00,529.103,483.6656,0.025170029578552855
2024-01-03,2170268.0,532.2792,542.81,528.82,543.67,527.97,51691,2024-01-03 05:00:00,530.1229999999999,484.9548,-0.028172378939630538
2024-01-04,1831255.0,536.8819,527.32,537.36,539.84,527.32,47435,2024-01-04 05:00:00,531.045,486.46579999999994,0.016149162285843843
2024-01-05,1817209.0,533.8428,533.97,531.23,540.77,530.47,43884,2024-01-05 05:00:00,532.225,487.92519999999996,-0.011407622450498756
2024-01-08,2126866.0,539.4743,529.63,541.38,543.56,527.4,47434,2024-01-08 05:00:00,533.7070000000001,490.0892,0.01910660166029765
2024-01-09,2889967.0,548.3782,538.52,541.85,559.23,536.6467,64114,2024-01-09 05:00:00,534.987,492.12300000000005,0.0008681517603161826
2024-01-10,2026699.0,541.5998,540.79,543.93,549.36,533.88,46938,2024-01-10 05:00:00,536.4100000000001,494.37339999999995,0.0038387007474391943
2024-01-11,1983133.0,545.7442,543.53,546.0,548.54,540.41,47667,2024-01-11 05:00:00,537.845,496.61119999999994,0.0038056367547296688
2024-01-12,2013148.0,547.3454,548.51,544.32,553.08,542.79,44320,2024-01-12 05:00:00,538.983,498.60220000000004,-0.003076923076922977
2024-01-16,1838961.0,545.4743,543.51,542.0,550.84,541.185,48821,2024-01-16 05:00:00,540.104,500.62,-0.004262198706643239
2024-01-17,1966276.0,539.9391,538.75,539.25,545.9506,536.84,46351,2024-01-17 05:00:00,539.6139999999999,502.4536,-0.005073800738007339
2024-01-18,1728161.0,543.3907,537.35,544.42,547.03,535.99,42841,2024-01-18 05:00:00,541.174,504.2472,0.009587389893370268
2024-01-19,2123960.0,549.9706,545.16,551.75,553.275,541.84,45262,2024-01-19 05:00:00,542.613,506.1818,0.013463869806399575
2024-01-22,1818531.0,554.2744,552.88,553.39,558.69,550.53,41250,2024-01-22 05:00:00,544.829,508.06479999999993,0.002972360670593588
2024-01-23,1116609.0,549.1499,556.2,550.74,557.03,545.37,33588,2024-01-23 05:00:00,545.765,509.99340000000007,-0.004788666220929105
2024-01-24,1842524.0,542.0022,549.85,539.99,551.99,539.14,51175,2024-01-24 05:00:00,545.579,511.9078,-0.01951919235937105
2024-01-25,1748147.0,539.4251,543.23,538.21,547.7768,537.64,44070,2024-01-25 05:00:00,545.007,513.7034,-0.0032963573399507062
2024-01-26,3172301.0,550.5178,554.0,547.33,556.41,546.65,62208,2024-01-26 05:00:00,545.14,515.747,0.016945058620241094
2024-01-29,2445913.0,555.8847,550.0,557.77,559.19,547.36,55691,2024-01-29 05:00:00,546.485,517.7172,0.01907441580033975
2024-01-30,2301337.0,566.0056,559.5,567.12,570.0,559.5,51442,2024-01-30 05:00:00,548.9970000000001,519.6487999999999,0.016763181956720663
2024-01-31,3589573.0,545.8464,563.3,538.98,566.0,537.78,80470,2024-01-31 05:00:00,548.97,520.9789999999999,-0.049619128226830234
2024-02-01,2163879.0,546.2572,542.14,552.23,553.92,534.24,52181,2024-02-01 05:00:00,549.751,522.6952,0.024583472485064428
2024-02-02,1327462.0,549.6817,549.02,551.82,554.45,541.885,39925,2024-02-02 05:00:00,549.758,524.3510000000001,-0.0007424442714085711
2024-02-05,1473658.0,551.9621,549.46,551.62,556.975,546.67,31894,2024-02-05 05:00:00,549.581,525.7356,-0.0003624370265666865
2024-02-06,1328171.0,556.5117,552.49,560.28,560.5,551.45,35309,2024-02-06 05:00:00,550.5350000000001,527.1906,0.015699213226496367
2024-02-07,1451424.0,554.6211,562.0,552.31,566.0,552.03,36230,2024-02-07 05:00:00,551.767,528.4212,-0.014225030341971867
2024-02-08,1549469.0,547.2732,552.2,550.89,552.86,541.46,42653,2024-02-08 05:00:00,553.0350000000001,529.6364,-0.0025710198982454857
2024-02-09,1280838.0,550.9862,549.65,550.75,554.13,548.29,29844,2024-02-09 05:00:00,553.3770000000001,530.933,-0.00025413421917264145
2024-02-12,1073036.0,547.2171,551.0,546.86,551.0,544.11,32999,2024-02-12 05:00:00,552.286,532.0118,-0.007063095778483852
2024-02-13,1268029.0,539.0277,541.42,538.6,546.19,534.41,39119,2024-02-13 05:00:00,549.434,532.8686,-0.015104414292506307
2024-02-14,1296996.0,546.3201,541.64,548.27,548.69,541.64,37413,2024-02-14 05:00:00,550.3629999999999,533.9114,0.017953954697363494
2024-02-15,1519047.0,548.7747,547.26,548.57,553.225,545.28,35557,2024-02-15 05:00:00,549.9970000000001,534.976,0.0005471756616266532
2024-02-16,1028206.0,548.687,546.32,547.84,552.69,546.32,25499,2024-02-16 05:00:00,549.5989999999999,536.1008,-0.0013307326321162494
2024-02-20,988694.0,548.0643,544.86,548.14,550.41,542.35,32245,2024-02-20 05:00:00,549.251,537.1874,0.0005476051401869242
2024-02-21,786478.0,549.2913,546.11,552.85,552.97,544.29,26354,2024-02-21 05:00:00,548.508,538.3624000000001,0.00859269529682205
2024-02-22,1139590.0,557.9074,555.0,560.49,560.74,550.27,31760,2024-02-22 05:00:00,549.326,539.7768,0.01381929999095588
2024-02-23,970071.0,564.7432,562.87,564.71,566.68,560.86,30040,2024-02-23 05:00:00,550.708,541.1712,0.0075291263002017494
2024-02-26,758574.0,563.0954,563.34,563.48,565.99,561.01,25148,2024-02-26 05:00:00,551.981,542.4934000000001,-0.002178109117954352
2024-02-27,901044.0,565.3273,564.98,566.17,567.82,560.84,25541,2024-02-27 05:00:00,553.912,543.446,0.004773905018811586
2024-02-28,1021434.0,570.7502,565.2,572.03,573.01,565.02,29532,2024-02-28 05:00:00,557.255,544.4562,0.010350248158680353
2024-02-29,1794277.0,570.7759,574.65,570.18,575.0,567.55,37791,2024-02-29 05:00:00,559.4460000000001,545.4992,-0.003234096113840179
2024-03-01,1440176.0,574.6296,564.56,576.33,578.5,563.0,39096,2024-03-01 05:00:00,562.222,546.6534,0.010786067557613466
2024-03-04,1547722.0,579.1146,575.4,581.64,582.54,571.521,42165,2024-03-04 05:00:00,565.602,547.7234,0.009213471448649146
2024-03-05,1973288.0,583.9972,581.13,584.61,586.15,580.0,49932,2024-03-05 05:00:00,569.249,549.027,0.00510625128945752
2024-03-06,1886807.0,592.6276,588.35,591.5,598.35,585.81,45512,2024-03-06 05:00:00,573.114,550.3258000000001,0.011785634867689465
2024-03-07,1819492.0,595.9068,595.0,597.66,598.905,592.5,36986,2024-03-07 05:00:00,576.831,551.698,0.010414201183431837
2024-03-08,1600305.0,598.8867,597.0,597.61,603.82,595.96,37533,2024-03-08 05:00:00,580.121,553.0562,-8.36596057958161e-05
2024-03-11,1380447.0,596.273,594.18,599.43,599.99,589.64,33385,2024-03-11 04:00:00,583.716,554.4118,0.003045464433325984
2024-03-12,1146315.0,598.0572,598.9,597.25,600.62,594.69,34926,2024-03-12 04:00:00,586.824,555.698,-0.0036367882822013753
2024-03-13,1035189.0,594.2081,599.03,593.32,599.03,591.045,35117,2024-03-13 04:00:00,588.953,556.9486,-0.006580159062369084
2024-03-14,1757994.0,584.4085,590.98,584.91,595.1,581.25,44868,2024-03-14 04:00:00,590.426,557.7638000000001,-0.014174475830917688
2024-03-15,1920147.0,582.3043,575.17,584.15,584.65,573.73,34306,2024-03-15 04:00:00,591.208,558.8704,-0.0012993451984065763
2024-03-18,1554423.0,580.915,585.86,580.05,586.845,578.3,34761,2024-03-18 04:00:00,591.049,559.7242000000001,-0.007018745185311981
2024-03-19,1053626.0,581.9762,581.28,582.72,584.25,577.2,26249,2024-03-19 04:00:00,590.8599999999999,560.754,0.004603051461081087
2024-03-20,728710.0,579.1801,581.05,580.05,581.63,576.29,26065,2024-03-20 04:00:00,589.7149999999999,561.5274,-0.004581960461285117
2024-03-21,1230529.0,584.7908,580.0,584.13,587.08,577.6,33120,2024-03-21 04:00:00,588.362,562.3729999999999,0.0070338763899664425
2024-03-22,1061222.0,583.3859,586.82,583.09,588.99,579.74,27132,2024-03-22 04:00:00,586.9100000000001,563.1562,-0.0017804255901938681
2024-03-25,1226909.0,574.2866,583.21,573.56,585.03,571.09,33098,2024-03-25 04:00:00,584.323,563.7074,-0.01634396062357457
2024-03-26,1784927.0,570.2826,574.01,568.82,574.985,567.84,39679,2024-03-26 04:00:00,581.4799999999999,564.1974,-0.008264174628635046
2024-03-27,1525832.0,576.3584,572.52,579.37,579.77,571.08,38343,2024-03-27 04:00:00,580.085,564.9448,0.018547167821103328
2024-03-28,1081545.0,580.7728,579.3,581.21,582.295,576.19,27474,2024-03-28 04:00:00,579.715,565.784,0.0031758634378722395
2024-04-01,837591.0,576.7771,581.05,577.45,581.53,572.84,27860,2024-04-01 04:00:00,579.045,566.4446,-0.006469262400853326
2024-04-02,1381269.0,570.8224,570.75,571.56,572.39,565.78,35523,2024-04-02 04:00:00,578.196,566.8408000000001,-0.010200017317516852
2024-04-03,1151569.0,575.7546,571.23,576.0,578.25,569.19,31962,2024-04-03 04:00:00,577.524,567.293,0.0077682133109386875
2024-04-04,1231899.0,574.142,580.41,570.61,582.0,568.57,29130,2024-04-04 04:00:00,576.58,567.6904,-0.009357638888888853
2024-04-05,1181253.0,580.0874,570.22,579.46,583.84,569.06,33242,2024-04-05 04:00:00,576.113,568.4798000000001,0.015509717670563195
2024-04-08,998949.0,578.2712,579.35,578.8,582.41,575.71,27090,2024-04-08 04:00:00,575.684,569.2916,-0.001138991474821549
2024-04-09,1026320.0,587.4038,583.78,589.2,589.93,583.23,28503,2024-04-09 04:00:00,577.248,570.129,0.017968210089841286
2024-04-10,1282843.0,574.9028,577.29,573.71,579.675,571.89,39436,2024-04-10 04:00:00,577.737,570.4478,-0.026289884589273615
2024-04-11,1295511.0,575.8447,579.56,574.57,580.355,571.36,32007,2024-04-11 04:00:00,577.257,570.5968,0.0014990151818863318
2024-04-12,1201602.0,565.656,570.91,565.23,573.385,561.64,33022,2024-04-12 04:00:00,575.659,571.1218,-0.016255634648519868
2024-04-15,1007211.0,559.9853,570.72,557.87,570.72,554.51,31959,2024-04-15 04:00:00,573.701,571.2346,-0.013021247987544893
2024-04-16,971914.0,554.8349,559.04,554.55,559.04,552.685,31318,2024-04-16 04:00:00,572.0,571.2891999999999,-0.005951207270511127
2024-04-17,1452373.0,549.0963,555.86,547.25,556.0,546.45,37662,2024-04-17 04:00:00,569.125,571.2018,-0.013163826526012001
2024-04-18,2059844.0,539.9542,534.8,541.52,544.87,529.64,49720,2024-04-18 04:00:00,566.216,570.8266,-0.010470534490635064
2024-04-19,1660083.0,544.1379,542.95,544.78,546.14,539.17,38009,2024-04-19 04:00:00,562.7479999999999,570.6759999999999,0.006020091594031607
2024-04-22,1462905.0,548.6674,549.15,548.38,552.86,543.15,40220,2024-04-22 04:00:00,559.706,570.6258,0.006608172106171262
2024-04-23,2515400.0,571.8273,567.51,574.59,576.89,560.0,63719,2024-04-23 04:00:00,558.245,571.1026,0.04779532441008061
2024-04-24,1963394.0,575.9861,578.0,577.39,586.4623,565.23,49309,2024-04-24 04:00:00,558.613,571.7132,0.004873039906716059
2024-04-25,1172094.0,572.8014,577.4,571.73,577.99,569.98,33887,2024-04-25 04:00:00,558.329,572.3758,-0.009802732988101526
2024-04-26,1418850.0,573.0512,567.94,573.6,575.0,566.95,38155,2024-04-26 04:00:00,559.1659999999999,572.8824,0.0032707746663636073
2024-04-29,929507.0,576.1,575.09,576.89,579.49,571.3,25737,2024-04-29 04:00:00,561.068,573.4488,0.005735704323570401
2024-04-30,1474499.0,570.7585,574.7,568.72,576.46,567.97,31349,2024-04-30 04:00:00,562.4849999999999,573.8664,-0.014162145296330197
2024-05-01,1118770.0,574.3756,569.86,574.99,581.9,568.4,32569,2024-05-01 04:00:00,565.259,574.4034,0.011024757349838099
2024-05-02,1304717.0,571.2563,579.48,571.25,579.795,565.49,30751,2024-05-02 04:00:00,568.232,574.7714,-0.006504460947146962
2024-05-03,1735301.0,574.5923,579.84,572.38,579.84,571.63,37277,2024-05-03 04:00:00,570.992,575.0092000000001,0.0019781181619256127
2024-05-06,1122758.0,574.0635,575.41,573.55,576.385,570.345,29281,2024-05-06 04:00:00,573.509,575.186,0.0020440965791954646
2024-05-07,1837507.0,572.8244,571.5,572.87,576.59,565.34,39685,2024-05-07 04:00:00,573.337,575.3738,-0.0011855984656959917
2024-05-08,1575282.0,573.8011,572.71,573.64,575.345,567.71,38087,2024-05-08 04:00:00,572.962,575.5232,0.0013441094838269052
2024-05-09,1477160.0,576.6565,574.23,577.93,579.065,572.5,39351,2024-05-09 04:00:00,573.582,575.6412,0.007478557980614919
2024-05-10,1292503.0,591.5053,580.17,593.03,594.025,578.81,40538,2024-05-10 04:00:00,575.525,576.0982,0.02612773173221683
2024-05-13,902640.0,590.7691,591.27,590.7,594.525,588.95,30118,2024-05-13 04:00:00,576.9060000000001,576.3856,-0.003928974925383133
2024-05-14,1024901.0,592.869,591.16,594.8,597.18,586.65,32662,2024-05-14 04:00:00,579.514,576.6487999999999,0.006940917555442461
2024-05-15,1170672.0,599.0701,600.0,599.02,602.0,595.03,34725,2024-05-15 04:00:00,581.917,576.937,0.007094821788836692
2024-05-16,1370741.0,597.9909,598.25,597.15,600.09,593.28,34684,2024-05-16 04:00:00,584.507,577.05,-0.0031217655503990027
2024-05-17,1375669.0,594.166,596.95,595.3,597.1,589.36,41191,2024-05-17 04:00:00,586.799,577.0028,-0.003098049066398767
2024-05-20,792567.0,594.1574,593.63,594.01,597.235,592.75,26914,2024-05-20 04:00:00,588.845,576.9308,-0.002166974634637886
2024-05-21,1097183.0,589.1331,594.0,590.12,594.0,585.32,32216,2024-05-21 04:00:00,590.5699999999999,576.7446,-0.006548711301156529
2024-05-22,837075.0,592.2733,589.67,590.8,596.63,587.62,29743,2024-05-22 04:00:00,592.286,576.6156,0.0011523080051514256
2024-05-23,1142089.0,586.8371,590.0,585.03,592.0,584.16,32920,2024-05-23 04:00:00,592.996,576.4498,-0.009766418415707467
2024-05-24,822015.0,583.2891,586.0,584.05,587.955,581.345,28229,2024-05-24 04:00:00,592.098,576.4326,-0.0016751277712254709
2024-05-28,1402582.0,571.918,581.67,572.57,581.97,569.17,43401,2024-05-28 04:00:00,590.285,576.201,-0.019655851382586964
2024-05-29,1222311.0,566.9737,570.11,567.3,570.11,563.67,39876,2024-05-29 04:00:00,587.535,575.946,-0.009204114780725692
2024-05-30,2297805.0,558.2917,551.53,562.76,563.97,550.33,53617,2024-05-30 04:00:00,583.909,575.5468,-0.00800282037722544
2024-05-31,1946783.0,566.1603,564.59,567.98,568.58,560.4,42298,2024-05-31 04:00:00,580.992,575.3054,0.009275712559528193
2024-06-03,861622.0,568.0599,569.39,569.58,573.63,563.005,31705,2024-06-03 04:00:00,578.42,575.0144,0.0028170005986125624
2024-06-04,961995.0,570.1529,570.79,569.67,573.7529,565.24,30461,2024-06-04 04:00:00,575.986,574.746,0.00015801116612235155
2024-06-05,821994.0,573.3698,569.85,575.28,575.58,566.72,27741,2024-06-05 04:00:00,574.5020000000001,574.7804,0.009847806624888156
2024-06-06,1141594.0,578.9295,575.29,579.84,581.665,571.94,34159,2024-06-06 04:00:00,573.406,575.0008,0.007926574885273263
2024-06-07,1203358.0,582.4308,579.51,581.09,585.95,577.085,35285,2024-06-07 04:00:00,573.012,575.0352,0.002155767108167783
2024-06-10,1496685.0,580.4056,580.0,581.48,582.28,575.86,34246,2024-06-10 04:00:00,572.755,575.0406,0.0006711524892872855
2024-06-11,1048412.0,576.1036,578.95,575.89,580.0,573.91,34866,2024-06-11 04:00:00,573.087,575.0094,-0.009613400288917995
2024-06-12,1375699.0,576.9482,579.26,575.69,581.97,574.6,38255,2024-06-12 04:00:00,573.926,575.092,-0.0003472885446872409
2024-06-13,1075789.0,570.3757,573.36,572.63,574.63,565.001,31888,2024-06-13 04:00:00,574.913,575.0246,-0.0053153606975977485
2024-06-14,1362824.0,570.7746,572.86,572.05,573.1,566.74,34332,2024-06-14 04:00:00,575.32,575.0534,-0.001012870439900171
2024-06-17,1240648.0,567.2044,566.45,568.0,569.305,563.745,34394,2024-06-17 04:00:00,575.162,574.8242,-0.007079800716720541
2024-06-18,1354652.0,568.0727,569.56,569.17,572.04,564.62,37452,2024-06-18 04:00:00,575.112,574.6316,0.0020598591549294554
2024-06-20,2882439.0,556.9637,560.85,557.21,560.85,551.71,55258,2024-06-20 04:00:00,573.3050000000001,573.9918,-0.021013054096315598
2024-06-21,3046363.0,564.3337,558.71,564.6,568.59,558.105,49158,2024-06-21 04:00:00,571.7810000000001,573.8096,0.013262504262306907
2024-06-24,1482606.0,566.7325,565.61,565.95,571.51,562.32,32134,2024-06-24 04:00:00,570.267,573.6372,0.0023910733262486605
2024-06-25,1869311.0,557.8488,564.84,556.52,568.34,556.19,33723,2024-06-25 04:00:00,567.771,573.4630000000001,-0.016662249315310684
2024-06-26,1035614.0,558.6018,556.8,558.17,561.38,554.84,28872,2024-06-26 04:00:00,565.999,573.4689999999999,0.0029648530151655805
2024-06-27,1431632.0,552.5254,556.72,550.78,558.26,549.23,40562,2024-06-27 04:00:00,563.508,573.3936,-0.013239694000035773
2024-06-28,5938600.0,552.6729,552.93,553.0,558.27,545.63,40565,2024-06-28 04:00:00,561.545,573.5086,0.004030647445441016
2024-07-01,1433710.0,543.7427,553.45,541.72,557.5655,539.4,41916,2024-07-01 04:00:00,558.512,573.5125999999999,-0.020397830018083152
2024-07-02,1288834.0,535.5956,539.31,533.93,541.59,533.46,37280,2024-07-02 04:00:00,555.105,573.2955999999999,-0.014380122572546838
2024-07-03,894882.0,535.1984,533.0,535.61,539.81,532.435,26132,2024-07-03 04:00:00,551.749,573.0401999999999,0.0031464798756393186
2024-07-05,1213988.0,538.5667,538.65,540.1,540.165,533.85,31848,2024-07-05 04:00:00,550.038,572.3504,0.008382965217228922
2024-07-08,1044428.0,537.1092,541.45,536.29,543.02,535.43,31755,2024-07-08 04:00:00,547.207,571.5283999999999,-0.007054249213108821
2024-07-09,1538950.0,531.0659,538.09,531.86,538.33,528.37,42044,2024-07-09 04:00:00,543.798,570.731,-0.008260456096514823
2024-07-10,1944450.0,534.3549,533.25,536.87,537.0,528.82,34658,2024-07-10 04:00:00,541.833,569.9964,0.009419772120482728
2024-07-11,1310334.0,544.5231,539.76,542.69,548.63,537.87,36066,2024-07-11 04:00:00,540.285,569.3124,0.010840613183824788
2024-07-12,902340.0,548.3615,542.69,548.09,551.66,540.855,28561,2024-07-12 04:00:00,540.016,568.8998,0.009950432106727636
2024-07-15,1117266.0,545.4948,546.59,544.68,549.68,542.99,26631,2024-07-15 04:00:00,539.184,568.2936,-0.00622160594063037
2024-07-16,1090702.0,553.5696,549.24,555.42,555.775,547.72,29633,2024-07-16 04:00:00,540.554,567.977,0.019717999559374366
2024-07-17,1022897.0,555.4418,553.0,555.06,559.96,550.85,29754,2024-07-17 04:00:00,542.667,567.6306,-0.000648158150588718
2024-07-18,1714420.0,544.0964,551.69,540.62,557.16,537.77,40517,2024-07-18 04:00:00,543.1679999999999,566.972,-0.026015205563362453
2024-07-19,1638334.0,534.6884,541.15,534.35,542.23,531.475,37686,2024-07-19 04:00:00,542.5930000000001,566.2016,-0.011597795124116739
2024-07-22,1100753.0,542.9685,540.67,546.42,547.12,535.98,29613,2024-07-22 04:00:00,543.606,565.6572,0.022588191260409785
2024-07-23,1985414.0,555.9223,570.97,552.24,572.24,550.67,47567,2024-07-23 04:00:00,545.644,565.1433999999999,0.010651147468980104
2024-07-24,2808889.0,567.8497,552.92,574.73,575.25,552.65,54288,2024-07-24 04:00:00,549.43,564.7774000000001,0.04072504708097924
2024-07-25,3607418.0,594.4824,576.14,594.5,603.82,572.13,71478,2024-07-25 04:00:00,554.6110000000001,564.8534000000001,0.03439876115741303
2024-07-26,2643710.0,608.3329,600.85,607.14,614.65,599.3,55115,2024-07-26 04:00:00,560.516,565.1002000000001,0.021261564339781325
2024-07-29,1586372.0,602.4992,604.25,604.12,607.81,595.2,35473,2024-07-29 04:00:00,566.4599999999999,565.2022000000001,-0.004974141054781445
2024-07-30,1589002.0,611.0553,609.81,615.06,615.737,602.85,31944,2024-07-30 04:00:00,572.424,565.5604,0.018108984969873454
2024-07-31,1651364.0,616.2577,614.23,613.34,620.63,609.295,33686,2024-07-31 04:00:00,578.2520000000001,565.9212,-0.002796475140636523
2024-08-01,1405991.0,619.4067,616.4,621.77,622.3,612.87,32602,2024-08-01 04:00:00,586.367,566.4764,0.013744415821567157
2024-08-02,1533079.0,613.9271,621.95,615.69,622.0,605.47,34426,2024-08-02 04:00:00,594.501,566.9878,-0.009778535471315686
2024-08-05,2106159.0,599.8736,607.54,598.03,611.37,592.81,49749,2024-08-05 04:00:00,599.662,567.1324,-0.02868326592928272
2024-08-06,1293846.0,606.8778,600.26,602.02,612.88,596.6074,35092,2024-08-06 04:00:00,604.64,567.4722,0.006671906091667568
2024-08-07,1650401.0,593.0947,600.97,587.37,601.78,585.68,38248,2024-08-07 04:00:00,605.9040000000001,567.5386,-0.02433473970964417
2024-08-08,1080705.0,598.2453,589.74,600.04,601.14,587.5,29546,2024-08-08 04:00:00,606.458,568.088,0.0215707305446311
2024-08-09,910600.0,596.2019,600.0,596.18,601.35,593.875,26658,2024-08-09 04:00:00,605.362,568.6655999999999,-0.006432904473035128
2024-08-12,1050076.0,596.9334,596.26,599.07,599.53,591.59,26301,2024-08-12 04:00:00,604.857,569.3918,0.004847529269683903
2024-08-13,1027140.0,602.8882,599.98,604.21,605.57,599.458,23106,2024-08-13 04:00:00,603.7719999999999,570.1164,0.00857996561336738
2024-08-14,1022677.0,600.9731,602.09,602.1,603.47,595.8,23413,2024-08-14 04:00:00,602.6479999999999,570.7668,-0.0034921633206997926
2024-08-15,1219085.0,602.8831,605.52,603.69,608.62,599.98,27452,2024-08-15 04:00:00,600.84,571.4472000000001,0.0026407573492774894
2024-08-16,961195.0,603.4685,601.79,603.98,606.58,599.59,24577,2024-08-16 04:00:00,599.669,572.0211999999999,0.00048037900246811205
2024-08-19,914715.0,607.9129,604.19,607.6,610.88,603.95,24355,2024-08-19 04:00:00,600.626,572.5764,0.005993575946223295
2024-08-20,1061526.0,612.4662,609.92,614.54,614.8,608.33,26773,2024-08-20 04:00:00,601.878,573.2453999999999,0.01142198815009876
2024-08-21,938169.0,612.3515,615.0,610.17,618.12,609.0,28450,2024-08-21 04:00:00,604.158,573.8192,-0.007111009861034301
2024-08-22,1064579.0,604.7571,613.17,603.86,613.7,602.0,24638,2024-08-22 04:00:00,604.5400000000001,574.3786,-0.010341380271071898
2024-08-23,758767.0,604.9422,606.77,606.12,607.7,600.56,22664,2024-08-23 04:00:00,605.534,574.9872,0.0037425893419005263
2024-08-26,515596.0,605.1397,606.0,605.59,606.9099,602.25,17955,2024-08-26 04:00:00,606.186,575.6464,-0.000874414307397875
2024-08-27,717447.0,608.2065,605.6,610.4,610.98,602.0,22611,2024-08-27 04:00:00,606.805,576.4134,0.007942667481299237
2024-08-28,722081.0,613.2232,610.25,613.14,618.0,609.21,25451,2024-08-28 04:00:00,607.909,577.3162,0.0044888597640890815
2024-08-29,699786.0,612.934,614.43,611.68,616.55,609.66,23737,2024-08-29 04:00:00,608.708,578.1664,-0.0023811853736503963
2024-08-30,1026904.0,612.8114,616.11,615.07,618.0,605.0,26958,2024-08-30 04:00:00,609.817,579.3236,0.005542113523411052
2024-09-03,1085708.0,607.714,611.47,606.43,615.03,603.645,31574,2024-09-03 04:00:00,609.7,580.1602,-0.014047181621604232
2024-09-04,954721.0,609.657,605.66,611.9,612.67,604.23,25991,2024-09-04 04:00:00,609.4359999999999,581.0792,0.0090200023085929
2024-09-05,1402809.0,607.3376,611.04,606.88,614.17,601.26,28729,2024-09-05 04:00:00,609.107,582.0864,-0.008203954894590582
2024-09-06,1693919.0,612.5482,607.49,611.33,619.7,607.49,31860,2024-09-06 04:00:00,609.854,583.1496000000001,0.007332586343264058
2024-09-09,1375260.0,619.641,614.51,620.42,622.26,614.1,30994,2024-09-09 04:00:00,611.284,584.5423999999999,0.014869219570444736
2024-09-10,1271554.0,623.1869,620.62,624.21,627.88,618.25,31360,2024-09-10 04:00:00,613.146,585.9666,0.006108765030141017
2024-09-11,1277149.0,614.9439,622.08,618.46,623.0,608.855,35657,2024-09-11 04:00:00,613.952,587.5014,-0.009211643517405999
2024-09-12,1334742.0,611.3145,615.71,614.16,619.31,604.18,32033,2024-09-12 04:00:00,614.054,589.1060000000001,-0.006952753613815088
2024-09-13,1101118.0,611.0132,614.84,611.17,617.04,607.8107,28275,2024-09-13 04:00:00,614.0029999999999,590.6172,-0.004868438192002111
2024-09-16,1174355.0,613.2342,615.59,614.15,616.48,607.26,32458,2024-09-16 04:00:00,613.911,592.0982,0.004875893777508633
2024-09-17,1301464.0,611.0109,613.18,610.49,616.58,607.0,30214,2024-09-17 04:00:00,614.317,593.5822000000001,-0.005959456158918797
2024-09-18,1068866.0,609.7045,609.14,610.12,614.92,601.86,27853,2024-09-18 04:00:00,614.139,595.1474,-0.0006060705335059202
2024-09-19,1300665.0,619.3508,617.61,620.25,623.75,611.81,32614,2024-09-19 04:00:00,615.476,596.815,0.01660329115583825
2024-09-20,1820954.0,614.1548,619.04,613.69,619.04,608.2,33125,2024-09-20 04:00:00,615.712,598.235,-0.010576380491737147
2024-09-23,837781.0,610.2183,615.64,610.35,616.41,607.8,23255,2024-09-23 04:00:00,614.705,599.4802,-0.005442487249262662
2024-09-24,1341070.0,611.4774,611.21,611.88,613.96,607.815,26565,2024-09-24 04:00:00,613.472,600.8242,0.0025067584173015245
2024-09-25,1193744.0,600.164,613.87,599.78,613.905,596.0,35855,2024-09-25 04:00:00,611.604,601.7114,-0.01977511930443887
2024-09-26,1273038.0,615.9084,604.56,619.33,620.54,604.56,38648,2024-09-26 04:00:00,612.121,602.9968,0.03259528493781061
2024-09-27,846088.0,616.7789,619.39,614.42,623.765,614.04,26475,2024-09-27 04:00:00,612.446,604.4728,-0.007927922109376428
2024-09-30,993882.0,615.3989,612.49,618.57,619.02,609.0301,24333,2024-09-30 04:00:00,612.888,606.1572,0.006754337423912071
2024-10-01,933147.0,614.3624,620.0,612.94,620.0,610.5701,24284,2024-10-01 04:00:00,613.133,607.4876,-0.009101637648123884
2024-10-02,639485.0,612.5664,610.0,612.72,616.57,605.33,21605,2024-10-02 04:00:00,613.393,608.6972,-0.00035892583287111535
2024-10-03,1235734.0,603.7273,609.86,600.92,611.49,599.35,26869,2024-10-03 04:00:00,611.4599999999999,609.221,-0.01925838882360631
2024-10-04,732528.0,598.8416,602.63,598.61,603.99,596.53,23810,2024-10-04 04:00:00,609.952,609.3032,-0.0038441057045862648
2024-10-07,920203.0,597.8912,592.32,598.85,599.295,592.32,22959,2024-10-07 04:00:00,608.8019999999999,609.1374,0.00040092881842945793
2024-10-08,783639.0,596.7686,599.05,595.45,602.3,594.705,23955,2024-10-08 04:00:00,607.159,608.964,-0.005677548634883456
2024-10-09,869171.0,597.8628,594.11,599.25,600.065,593.11,21254,2024-10-09 04:00:00,607.106,608.6478,0.006381728104794648
2024-10-10,1174889.0,593.3748,597.17,593.79,597.17,589.87,27997,2024-10-10 04:00:00,604.552,608.2568,-0.009111389236545753
2024-10-11,1953654.0,597.6698,595.64,596.92,602.41,594.31,31365,2024-10-11 04:00:00,602.802,607.7597999999999,0.005271223833341665
2024-10-14,969124.0,602.0101,600.79,603.79,604.54,595.2327,26999,2024-10-14 04:00:00,601.324,607.5218,0.011509079943710976
2024-10-15,1184398.0,603.1346,605.0,600.52,610.56,599.375,31558,2024-10-15 04:00:00,600.082,607.5716,-0.00541579025820238
2024-10-16,1322145.0,590.9448,590.27,591.55,596.8,587.27,37437,2024-10-16 04:00:00,597.965,607.3622,-0.014937054552720985
2024-10-17,1585154.0,602.091,604.34,599.25,608.39,596.87,37477,2024-10-17 04:00:00,597.798,607.5998000000001,0.013016651170653537
2024-10-18,1057390.0,601.049,600.03,601.71,604.39,595.56,24771,2024-10-18 04:00:00,598.108,607.6332,0.004105131414267937
2024-10-21,856543.0,594.9896,597.89,595.37,600.58,591.8205,24987,2024-10-21 04:00:00,597.76,607.617,-0.0105366372505028
2024-10-22,1594542.0,587.1293,587.49,586.38,591.2,584.16,34203,2024-10-22 04:00:00,596.853,607.3632,-0.015099853872381885
2024-10-23,1999347.0,572.5253,574.58,576.49,578.69,566.08,50385,2024-10-23 04:00:00,594.577,606.8088,-0.016866195982127574
2024-10-24,1725796.0,563.0169,572.36,557.38,574.83,557.26,42227,2024-10-24 04:00:00,590.9359999999999,605.9144,-0.033148883762077475
2024-10-25,1051152.0,555.8566,560.16,554.38,562.22,553.3058,31477,2024-10-25 04:00:00,586.682,604.9282,-0.00538232444651765
2024-10-28,930898.0,553.9689,559.25,552.54,559.37,550.45,28890,2024-10-28 04:00:00,581.557,603.8994,-0.003319023052779757
2024-10-29,1100586.0,549.958,550.96,547.77,553.61,547.25,31361,2024-10-29 04:00:00,576.2819999999999,602.7028,-0.008632859159517836
2024-10-30,1391807.0,551.4691,547.5,550.62,554.7419,546.75,30386,2024-10-30 04:00:00,572.189,601.4244,0.005202913631633832
2024-10-31,1350079.0,548.2769,548.56,546.32,552.085,544.49,34732,2024-10-31 04:00:00,566.896,600.1474,-0.0078093785187606235
2024-11-01,1357563.0,558.1892,550.0,557.92,564.87,547.29,39266,2024-11-01 04:00:00,562.517,599.2286,0.02123297700981097
2024-11-04,793298.0,554.7079,556.68,555.47,559.5585,550.15,29753,2024-11-04 05:00:00,558.5269999999999,598.2156,-0.0043913105821622445
2024-11-05,983200.0,559.3228,550.41,560.79,561.78,550.24,30529,2024-11-05 05:00:00,555.968,597.3196,0.009577474931139252
2024-11-06,1369326.0,557.9755,570.2,559.68,570.2,549.2,41617,2024-11-06 05:00:00,554.287,596.3052,-0.0019793505590328664
2024-11-07,1073074.0,557.3332,565.0,555.89,565.88,554.1973,34918,2024-11-07 05:00:00,554.138,595.1601999999999,-0.006771726700971925
2024-11-08,1568475.0,552.6847,557.23,551.74,558.55,549.0,44074,2024-11-08 05:00:00,553.874,593.9614,-0.007465505765529068
2024-11-11,1323070.0,547.301,549.08,546.92,553.93,545.07,37601,2024-11-11 05:00:00,553.312,592.5984,-0.008735998840033399
2024-11-12,1625108.0,542.9071,549.16,540.75,550.16,540.05,37380,2024-11-12 05:00:00,552.61,591.2847999999999,-0.01128135741973224
2024-11-13,1169083.0,542.2094,540.0,541.9,544.8,538.0,29737,2024-11-13 05:00:00,551.738,589.8848,0.0021266759130835755
2024-11-14,1708398.0,535.35,539.9,533.02,542.38,531.69,47165,2024-11-14 05:00:00,550.408,588.4076,-0.016386787230116218
2024-11-15,3855453.0,515.9173,529.4,513.08,529.4,511.7,81432,2024-11-15 05:00:00,545.924,586.4426,-0.03740947806836503
2024-11-18,3094882.0,502.5173,511.0,501.29,512.77,498.61,74992,2024-11-18 05:00:00,540.5060000000001,584.06,-0.02297887269041865
2024-11-19,3573941.0,505.3879,496.19,509.12,511.3,493.3,69153,2024-11-19 05:00:00,535.339,581.7582,0.015619701170978884
2024-11-20,1475130.0,511.0854,507.08,512.84,513.85,502.73,41781,2024-11-20 05:00:00,530.655,579.6458,0.007306725329981223
2024-11-21,1833864.0,513.2102,514.12,516.1,516.22,507.46,47592,2024-11-21 05:00:00,526.6759999999999,577.6846,0.006356758443179178
2024-11-22,1788346.0,513.7997,514.62,513.26,517.0,507.17,48336,2024-11-22 05:00:00,522.828,575.7264,-0.005502809533036279
2024-11-25,2986256.0,514.0207,512.3,514.2,516.34,509.36,64919,2024-11-25 05:00:00,519.5559999999999,573.7274,0.0018314304640922874
2024-11-26,1712908.0,511.0452,514.2,512.98,514.2,507.27,46801,2024-11-26 05:00:00,516.779,571.7772,-0.0023726176584987213
2024-11-27,2870644.0,524.1618,515.41,521.66,528.86,514.975,56254,2024-11-27 05:00:00,514.755,570.008,0.016920737650590656
2024-11-29,2033145.0,530.1405,523.13,529.63,533.165,523.0,41945,2024-11-29 05:00:00,514.4159999999999,568.1956,0.015278150519495437
2024-12-02,2444994.0,530.2255,528.7,529.95,534.84,526.6,52074,2024-12-02 05:00:00,516.103,566.5208,0.0006041953816815493
2024-12-03,2608520.0,532.6345,530.25,534.42,535.98,527.94,52281,2024-12-03 05:00:00,519.4159999999999,565.0022,0.008434757996037101
2024-12-04,1948781.0,530.3382,532.55,528.87,536.53,524.84,41637,2024-12-04 05:00:00,521.391,563.342,-0.010385090378354
2024-12-05,2551431.0,521.3232,527.21,520.86,527.41,517.6778,46395,2024-12-05 05:00:00,522.193,561.7636,-0.01514549889386807
2024-12-06,1785536.0,529.3697,523.0,529.36,531.32,522.0,35157,2024-12-06 05:00:00,523.519,559.9642,0.016319164458779678
2024-12-09,1962091.0,536.1936,529.69,537.23,538.09,526.64,40962,2024-12-09 05:00:00,525.9159999999999,558.4204,0.014867009218679117
