t,v_V,vw,o_V,c_V,h_V,l_V,n,t_a,V_SMA_10,V_SMA_50,V_Returns
2023-12-11,6479312.0,256.7006,255.0,256.52,257.63,255.0,80079,2023-12-11 05:00:00,255.17199999999997,243.142,0.003049972628450748
2023-12-12,5946564.0,259.0516,257.3,259.56,259.72,256.395,77054,2023-12-12 05:00:00,255.83399999999997,243.7078,0.011850927802900424
2023-12-13,4859887.0,261.2037,259.15,262.38,262.48,258.69,78245,2023-12-13 05:00:00,256.649,244.37919999999997,0.010864539990753652
2023-12-14,8168683.0,259.0058,263.19,258.73,263.25,256.4,130558,2023-12-14 05:00:00,256.854,244.92940000000002,-0.013911121274487348
2023-12-15,13373952.0,257.2678,254.51,258.03,258.37,254.446,96376,2023-12-15 05:00:00,257.012,245.42039999999997,-0.0027055231322229423
2023-12-18,6041140.0,258.5962,258.7,258.37,259.59,257.9473,97116,2023-12-18 05:00:00,257.40500000000003,245.887,0.0013176762391970964
2023-12-19,8701409.0,259.6682,258.61,259.99,260.34,257.2,74234,2023-12-19 05:00:00,257.943,246.398,0.006270077795409668
2023-12-20,7240857.0,258.3621,260.5,257.11,260.82,257.08,89050,2023-12-20 05:00:00,258.225,246.8082,-0.011077349128812641
2023-12-21,6246652.0,259.1321,257.51,259.54,259.99,257.04,76447,2023-12-21 05:00:00,258.597,247.28539999999998,0.0094512076543114
2023-12-22,5111707.0,259.027,260.0,258.43,261.205,258.22,68885,2023-12-22 05:00:00,258.866,247.7184,-0.004276797410803779
2023-12-26,2085089.0,259.1266,258.53,259.16,259.735,258.53,45427,2023-12-26 05:00:00,259.13,248.1482,0.0028247494485935665
2023-12-27,4034658.0,258.9238,259.25,258.93,259.77,258.31,61956,2023-12-27 05:00:00,259.067,248.52540000000002,-0.0008874826362094135
2023-12-28,2995454.0,260.2022,258.54,260.4,260.97,258.54,64435,2023-12-28 05:00:00,258.869,248.90939999999998,0.005677210056771909
2023-12-29,4074872.0,260.4992,260.57,260.35,261.46,259.67,66682,2023-12-29 05:00:00,259.031,249.36700000000002,-0.00019201228878629184
2024-01-02,5470986.0,258.7542,259.61,258.87,260.09,257.67,84420,2024-01-02 05:00:00,259.115,249.86820000000003,-0.005684655271749661
2024-01-03,4148294.0,257.8691,258.55,257.98,258.86,256.86,69328,2024-01-03 05:00:00,259.07599999999996,250.3602,-0.0034380190829372825
2024-01-04,3842976.0,259.7457,258.07,259.61,261.04,258.0,65464,2024-01-04 05:00:00,259.038,250.9218,0.006318319249554172
2024-01-05,3748636.0,259.8826,260.78,259.69,261.4599,258.75,74602,2024-01-05 05:00:00,259.296,251.4226,0.00030815453950139293
2024-01-08,4659030.0,261.5042,260.94,262.54,262.62,259.95,79045,2024-01-08 05:00:00,259.596,251.9364,0.010974623589664612
2024-01-09,7055782.0,263.0299,262.0,263.33,263.62,261.1435,86245,2024-01-09 05:00:00,260.086,252.5774,0.0030090652852896582
2024-01-10,4354384.0,264.1747,264.97,264.56,265.37,262.86,75427,2024-01-10 05:00:00,260.626,253.2832,0.004670945201838084
2024-01-11,5598998.0,263.8885,265.46,264.03,266.19,262.4,88758,2024-01-11 05:00:00,261.136,253.90220000000002,-0.0020033262775931426
2024-01-12,4656238.0,264.2818,265.13,264.17,265.55,263.71,72897,2024-01-12 05:00:00,261.51300000000003,254.4836,0.0005302427754423356
2024-01-16,6196414.0,264.9138,263.52,265.24,265.66,262.35,91142,2024-01-16 05:00:00,262.002,255.0168,0.004050422076693039
2024-01-17,5118722.0,266.2253,264.42,266.63,267.1,264.39,92540,2024-01-17 05:00:00,262.778,255.4844,0.005240536872266555
2024-01-18,6694264.0,267.8526,267.88,268.14,268.78,266.415,86204,2024-01-18 05:00:00,263.794,255.9752,0.005663278700821284
2024-01-19,7226520.0,269.9394,268.18,270.9,271.15,267.05,102763,2024-01-19 05:00:00,264.923,256.5234,0.010293130454240185
2024-01-22,5984272.0,271.4138,272.24,271.2,272.35,270.36,101530,2024-01-22 05:00:00,266.07399999999996,257.05199999999996,0.001107419712070845
2024-01-23,5882995.0,271.2272,271.55,271.26,271.87,269.91,87598,2024-01-23 05:00:00,266.946,257.599,0.00022123893805314765
2024-01-24,5021703.0,271.9095,272.57,271.65,272.86,271.075,85423,2024-01-24 05:00:00,267.778,258.19919999999996,0.0014377350143772727
2024-01-25,6894942.0,271.5752,271.95,272.61,272.78,270.8,121402,2024-01-25 05:00:00,268.58299999999997,258.7464,0.0035339591385976643
2024-01-26,8586890.0,268.0845,265.94,267.94,270.8704,265.6,153281,2024-01-26 05:00:00,268.974,259.2118,-0.017130699534133043
2024-01-29,6498780.0,272.7757,266.97,273.66,275.07,266.71,117213,2024-01-29 05:00:00,269.923,259.7462,0.02134806299917913
2024-01-30,6548999.0,277.1207,274.59,277.15,278.64,274.19,103940,2024-01-30 05:00:00,271.114,260.327,0.01275305123145487
2024-01-31,6139312.0,275.0515,277.12,273.26,279.99,273.18,110124,2024-01-31 05:00:00,271.777,260.8208,-0.014035720728847179
2024-02-01,7063722.0,276.4122,273.39,277.05,277.19,273.36,99176,2024-02-01 05:00:00,272.668,261.37059999999997,0.013869574763961223
2024-02-02,4848891.0,277.2228,277.61,277.18,278.5,275.68,94094,2024-02-02 05:00:00,273.296,261.9148,0.00046922938097804234
2024-02-05,4899140.0,275.9371,277.4,275.58,278.0,275.125,89175,2024-02-05 05:00:00,273.73400000000004,262.3818,-0.005772422252687814
2024-02-06,4400250.0,275.88,274.8,276.76,276.88,274.03,70555,2024-02-06 05:00:00,274.284,262.8426,0.0042818782204805395
2024-02-07,4785902.0,278.9093,279.38,279.39,279.54,277.06,74755,2024-02-07 05:00:00,275.058,263.3444,0.009502818326347695
2024-02-08,5833409.0,276.1126,279.54,275.78,279.66,275.28,89719,2024-02-08 05:00:00,275.375,263.7772,-0.012921006478399444
2024-02-09,4618283.0,276.232,275.0,276.43,277.18,274.09,70851,2024-02-09 05:00:00,276.22400000000005,264.247,0.0023569511929799614
2024-02-12,3676232.0,275.2462,276.43,275.07,276.67,274.24,76976,2024-02-12 05:00:00,276.36499999999995,264.66380000000004,-0.004919871215135929
2024-02-13,5493833.0,275.7838,273.75,275.81,278.0,272.763,104010,2024-02-13 05:00:00,276.231,265.0464,0.00269022430654009
2024-02-14,4218350.0,276.5503,276.47,277.56,277.64,274.71,76847,2024-02-14 05:00:00,276.66099999999994,265.4686,0.006344947608861062
2024-02-15,4834758.0,280.1977,277.655,280.98,281.12,277.56,80213,2024-02-15 05:00:00,277.054,265.9994,0.012321660181582317
2024-02-16,6630744.0,279.252,280.96,278.56,281.12,277.87,88859,2024-02-16 05:00:00,277.192,266.4784,-0.008612712648587095
2024-02-20,6157178.0,274.9943,274.57,275.15,276.84,273.34,111475,2024-02-20 05:00:00,277.149,266.8956,-0.01224152785755317
2024-02-21,4735105.0,275.8405,274.63,276.76,276.97,273.53,73239,2024-02-21 05:00:00,277.149,267.3144,0.005851353807014403
2024-02-22,5100191.0,282.7088,279.18,283.75,284.06,278.98,97103,2024-02-22 05:00:00,277.585,267.8746,0.025256539962422275
2024-02-23,5107693.0,284.1159,284.72,283.6,285.95,283.5,80670,2024-02-23 05:00:00,278.367,268.4162,-0.0005286343612334043
2024-02-26,3856911.0,284.1408,283.04,284.15,285.35,282.66,78549,2024-02-26 05:00:00,279.139,268.908,0.001939351198871453
2024-02-27,4145383.0,282.7146,284.17,283.17,284.17,281.54,82596,2024-02-27 05:00:00,279.949,269.3238,-0.0034488826324122757
2024-02-28,4358820.0,284.8277,282.1,285.63,286.13,282.085,82461,2024-02-28 05:00:00,280.93100000000004,269.8618,0.008687360949253042
2024-02-29,6633684.0,283.1049,285.5,282.64,285.66,282.18,99129,2024-02-29 05:00:00,281.43899999999996,270.35400000000004,-0.010468088085985428
2024-03-01,3955728.0,283.2622,283.2,283.16,284.91,282.11,83283,2024-03-01 05:00:00,281.657,270.8498,0.001839796207189437
2024-03-04,5920308.0,280.1807,282.81,280.53,283.0,278.13,108072,2024-03-04 05:00:00,281.854,271.2606,-0.009288035033196973
2024-03-05,6228066.0,279.4297,280.27,279.38,280.99,277.68,89683,2024-03-05 05:00:00,282.277,271.70599999999996,-0.004099383310162796
2024-03-06,4535185.0,280.7124,280.0,280.43,282.0,279.31,84511,2024-03-06 05:00:00,282.644,272.1238,0.0037583219987114003
2024-03-07,5668483.0,278.0262,280.88,278.26,281.17,276.16,107045,2024-03-07 05:00:00,282.09499999999997,272.5204,-0.0077381164640017985
2024-03-08,3929002.0,280.1691,279.0,280.04,281.665,278.83,81041,2024-03-08 05:00:00,281.739,272.938,0.006396894990297053
2024-03-11,4614232.0,280.1021,279.45,280.56,280.77,277.99,72921,2024-03-11 04:00:00,281.38,273.3706,0.0018568775889158395
2024-03-12,7988665.0,283.3746,281.31,283.92,284.475,280.29,96024,2024-03-12 04:00:00,281.455,273.841,0.011976047904191711
2024-03-13,5783867.0,285.0962,284.66,285.14,286.1,283.82,81367,2024-03-13 04:00:00,281.40600000000006,274.3368,0.004296985066215786
2024-03-14,5484511.0,286.3819,288.96,286.41,289.0405,284.55,95792,2024-03-14 04:00:00,281.783,274.88759999999996,0.004453952444413378
2024-03-15,9845181.0,283.3681,283.55,283.04,285.63,282.64,93324,2024-03-15 04:00:00,281.771,275.3888,-0.011766348940330351
2024-03-18,4095594.0,285.2938,283.87,285.05,286.23,283.25,72597,2024-03-18 04:00:00,282.223,275.8976,0.0071014697569247165
2024-03-19,6595183.0,286.9049,286.66,287.35,288.06,285.25,69786,2024-03-19 04:00:00,283.02000000000004,276.4508,0.0080687598666902
2024-03-20,6104955.0,288.7287,287.64,289.28,289.87,286.72,72637,2024-03-20 04:00:00,283.90500000000003,276.9856,0.006716547764050729
2024-03-21,5057559.0,290.1325,289.97,290.37,290.96,287.9,81624,2024-03-21 04:00:00,285.11600000000004,277.52639999999997,0.0037679756637170048
2024-03-22,8725121.0,284.4063,290.0,283.26,290.49,282.89,110199,2024-03-22 04:00:00,285.438,277.9004,-0.024486000619898807
2024-03-25,8519433.0,281.2257,283.01,281.21,283.5,280.04,84204,2024-03-25 04:00:00,285.503,278.24399999999997,-0.007237167266821998
2024-03-26,8752364.0,280.9747,284.13,280.6,284.13,278.41,90231,2024-03-26 04:00:00,285.171,278.57259999999997,-0.002169197396962974
2024-03-27,5190674.0,278.6453,280.25,279.02,281.25,276.98,96271,2024-03-27 04:00:00,284.55899999999997,278.8482,-0.0056307911617963224
2024-03-28,5844358.0,278.8778,278.49,279.08,279.8,277.12,80042,2024-03-28 04:00:00,283.826,279.0972,0.00021503834850555847
2024-04-01,5083986.0,278.1083,280.36,278.28,280.89,276.79,82200,2024-04-01 04:00:00,283.35,279.3,-0.002866561559409564
2024-04-02,6912306.0,278.3492,278.0,278.44,279.33,276.98,93025,2024-04-02 04:00:00,282.68899999999996,279.45079999999996,0.000574960471467767
2024-04-03,4536847.0,277.5455,280.48,276.96,280.48,276.56,72833,2024-04-03 04:00:00,281.65,279.56600000000003,-0.005315328257434304
2024-04-04,4018551.0,275.9863,278.36,274.0,279.085,273.56,81423,2024-04-04 04:00:00,280.122,279.62080000000003,-0.010687463893703009
2024-04-05,4392050.0,276.8549,276.1,277.14,277.957,275.03,79353,2024-04-05 04:00:00,278.799,279.73060000000004,0.01145985401459848
2024-04-08,5542428.0,277.5011,276.25,277.76,277.98,275.15,72587,2024-04-08 04:00:00,278.24899999999997,279.8336,0.0022371364653244186
2024-04-09,7314306.0,276.1938,277.63,276.72,278.0,273.32,82364,2024-04-09 04:00:00,277.8,280.00919999999996,-0.003744239631336299
2024-04-10,5261012.0,274.758,275.42,274.48,276.82,274.12,72064,2024-04-10 04:00:00,277.188,280.0256,-0.00809482509395787
2024-04-11,8102293.0,275.3413,274.0,275.68,276.48,272.18,86750,2024-04-11 04:00:00,276.854,279.9962,0.004371903235208308
2024-04-12,9038411.0,275.8311,275.55,275.96,277.0,274.055,98270,2024-04-12 04:00:00,276.54200000000003,280.0502,0.0010156703424260005
2024-04-15,6782674.0,272.3827,277.89,271.28,277.91,270.34,95413,2024-04-15 04:00:00,275.842,279.9348,-0.01695897956225545
2024-04-16,3748200.0,272.0809,270.54,271.35,274.13,270.17,77901,2024-04-16 04:00:00,275.133,279.8182,0.0002580359775878893
2024-04-17,5358432.0,272.7446,273.3,272.69,274.0,271.5,79747,2024-04-17 04:00:00,274.706,279.7604,0.004938271604938205
2024-04-18,6562604.0,271.428,272.57,271.37,273.15,269.86,74560,2024-04-18 04:00:00,274.443,279.6526,-0.0048406615570794065
2024-04-19,6474965.0,269.8084,271.47,269.78,272.0,268.29,99486,2024-04-19 04:00:00,273.707,279.4604,-0.005859159081696652
2024-04-22,6311601.0,271.9377,270.95,272.33,273.76,269.36,85579,2024-04-22 04:00:00,273.16400000000004,279.3914,0.009452146193194455
2024-04-23,6333675.0,274.5083,274.01,274.11,274.89,272.71,118087,2024-04-23 04:00:00,272.90299999999996,279.345,0.006536187713436004
2024-04-24,8580766.0,277.0884,282.57,275.02,283.0,274.49,136244,2024-04-24 04:00:00,272.957,279.344,0.003319835102695956
2024-04-25,7971738.0,274.4067,272.97,275.16,276.22,270.49,95920,2024-04-25 04:00:00,272.90500000000003,279.331,0.0005090538869902961
2024-04-26,6681163.0,274.7084,275.01,274.52,276.77,273.83,72985,2024-04-26 04:00:00,272.761,279.2702,-0.002325919465038684
2024-04-29,4099208.0,272.2704,272.32,271.84,274.47,271.09,71046,2024-04-29 04:00:00,272.817,279.0874,-0.009762494535917265
2024-04-30,5854725.0,269.4756,270.53,268.61,272.08,268.585,91720,2024-04-30 04:00:00,272.543,278.8884,-0.011881989405532534
2024-05-01,6045638.0,268.358,268.15,267.32,270.91,266.71,102496,2024-05-01 04:00:00,272.006,278.7318,-0.0048025017683631654
2024-05-02,4796050.0,267.7751,269.35,267.61,269.47,266.65,82948,2024-05-02 04:00:00,271.63,278.5488,0.001084842136765074
2024-05-03,3814111.0,268.3827,269.0,268.49,269.45,266.5,76866,2024-05-03 04:00:00,271.501,278.2436,0.003288367400321457
2024-05-06,3928363.0,271.5011,269.65,272.67,272.78,269.57,82981,2024-05-06 04:00:00,271.53499999999997,278.025,0.01556855003910762
2024-05-07,6195717.0,276.0153,273.72,276.46,277.88,272.835,110349,2024-05-07 04:00:00,271.77,277.8712,0.013899585579638218
2024-05-08,8977727.0,277.0948,277.8,277.19,278.545,274.915,88167,2024-05-08 04:00:00,271.987,277.7516,0.0026405266584679232
2024-05-09,8318984.0,278.1661,276.8,278.54,278.79,276.395,76850,2024-05-09 04:00:00,272.325,277.6098,0.004870305566578859
2024-05-10,7914123.0,280.5573,279.55,280.74,281.03,279.24,74214,2024-05-10 04:00:00,272.947,277.5718,0.007898326990737337
2024-05-13,9063525.0,279.6796,281.46,279.39,282.15,279.1,75412,2024-05-13 04:00:00,273.70200000000006,277.4964,-0.004808719811925655
2024-05-14,17308688.0,277.0067,279.44,277.74,279.99,274.265,142955,2024-05-14 04:00:00,274.615,277.44059999999996,-0.005905723182647815
2024-05-15,20100998.0,281.1804,277.15,281.5,281.73,277.07,135235,2024-05-15 04:00:00,276.033,277.483,0.01353784114639578
2024-05-16,10225793.0,280.2148,281.74,279.84,282.38,279.26,97439,2024-05-16 04:00:00,277.256,277.4712,-0.005896980461811863
2024-05-17,6040216.0,280.0615,280.05,280.1,280.91,278.1,81676,2024-05-17 04:00:00,278.41700000000003,277.508,0.0009291023441968527
2024-05-20,5307331.0,278.881,279.22,278.54,280.27,278.18,72046,2024-05-20 04:00:00,279.004,277.478,-0.005569439485897942
2024-05-21,6438078.0,275.9284,278.0,275.95,278.425,274.88,92320,2024-05-21 04:00:00,278.953,277.38579999999996,-0.009298484957277364
2024-05-22,4122744.0,276.4515,275.53,275.58,278.08,275.12,70406,2024-05-22 04:00:00,278.79200000000003,277.219,-0.0013408226127922251
2024-05-23,5953459.0,274.5236,275.24,274.23,277.44,273.0343,82336,2024-05-23 04:00:00,278.361,277.00079999999997,-0.00489875898105796
2024-05-24,4256075.0,274.2541,275.01,274.49,275.24,273.35,69099,2024-05-24 04:00:00,277.736,276.7624,0.0009481092513583533
2024-05-28,5395243.0,271.2573,274.23,270.98,274.462,270.23,88416,2024-05-28 04:00:00,276.895,276.52119999999996,-0.01278735108747131
2024-05-29,5199616.0,269.6214,269.0,268.86,271.14,268.26,83236,2024-05-29 04:00:00,276.007,276.19739999999996,-0.007823455605579732
2024-05-30,4631696.0,270.7432,268.7,271.3,271.64,268.31,80373,2024-05-30 04:00:00,274.98699999999997,275.8764,0.009075355203451707
2024-05-31,8248826.0,271.0768,271.44,272.46,272.76,269.01,90558,2024-05-31 04:00:00,274.24899999999997,275.54,0.00427570954662726
2024-06-03,4624644.0,270.07,273.09,270.38,273.13,268.06,86204,2024-06-03 04:00:00,273.277,275.1402,-0.007634148131835827
2024-06-04,4011074.0,271.748,269.63,272.42,272.99,269.31,78906,2024-06-04 04:00:00,272.665,274.9234,0.007544936755677245
2024-06-05,5209896.0,274.0896,273.53,274.5,274.93,272.02,75654,2024-06-05 04:00:00,272.52,274.7892,0.0076352690698187065
2024-06-06,4792016.0,276.5537,274.8,277.04,277.15,274.08,76727,2024-06-06 04:00:00,272.666,274.718,0.009253187613843528
2024-06-07,4413052.0,278.8879,277.71,278.67,280.335,276.86,78801,2024-06-07 04:00:00,273.11,274.711,0.005883626913081086
2024-06-10,5046429.0,275.125,278.14,275.04,278.56,273.38,95764,2024-06-10 04:00:00,273.165,274.6302,-0.01302615997416301
2024-06-11,6081886.0,273.9815,274.54,274.67,274.86,272.22,80501,2024-06-11 04:00:00,273.534,274.558,-0.001345258871436883
2024-06-12,7348132.0,271.9846,276.77,270.32,277.6,269.9,107742,2024-06-12 04:00:00,273.68,274.3956,-0.015837186441912232
2024-06-13,7213907.0,270.7732,270.32,271.19,271.855,269.316,87129,2024-06-13 04:00:00,273.669,274.2802,0.003218407812962454
2024-06-14,6868168.0,270.607,270.1,270.66,271.55,269.27,76379,2024-06-14 04:00:00,273.48900000000003,274.2134,-0.001954349349164719
2024-06-17,8602482.0,270.5898,269.0,271.17,271.83,269.0,106805,2024-06-17 04:00:00,273.56800000000004,274.094,0.0018842828641099096
2024-06-18,6589537.0,273.1545,271.3,273.62,273.9,271.3,82246,2024-06-18 04:00:00,273.688,274.0112,0.00903492274219131
2024-06-20,9838273.0,276.2492,273.19,276.82,278.04,273.1,103426,2024-06-20 04:00:00,273.92,274.0132,0.011695051531320777
2024-06-21,13684606.0,275.5969,277.17,275.22,277.54,274.58,88750,2024-06-21 04:00:00,273.738,274.028,-0.005779929195867228
2024-06-24,20291905.0,277.0936,275.32,276.3,280.39,275.27,140271,2024-06-24 04:00:00,273.50100000000003,274.04040000000003,0.003924133420536213
2024-06-25,17024732.0,274.1981,276.85,273.53,277.9291,273.53,111234,2024-06-25 04:00:00,273.35,273.9918,-0.010025334781035289
2024-06-26,9997699.0,273.5563,272.91,273.6,274.46,271.75,88107,2024-06-26 04:00:00,273.24300000000005,274.0382,0.0002559134281432396
2024-06-27,10390620.0,268.38,268.51,266.59,270.59,266.5,147713,2024-06-27 04:00:00,272.87,273.94300000000004,-0.02562134502923996
2024-06-28,13261806.0,263.9516,267.2,262.47,268.6,261.25,164692,2024-06-28 04:00:00,271.99800000000005,273.7386,-0.015454443152406072
2024-07-01,7855166.0,262.8943,263.79,263.24,265.77,261.3,117998,2024-07-01 04:00:00,271.256,273.57599999999996,0.0029336686097458653
2024-07-02,8525712.0,266.6019,263.24,268.23,268.23,262.4,102322,2024-07-02 04:00:00,270.962,273.545,0.01895608570126117
2024-07-03,4974310.0,268.9423,269.07,268.99,269.75,268.15,68987,2024-07-03 04:00:00,270.499,273.4782,0.0028333892554897044
2024-07-05,7847243.0,269.9892,269.0,270.36,270.545,268.24,94201,2024-07-05 04:00:00,269.85299999999995,273.40319999999997,0.005093126138518089
2024-07-08,7999748.0,267.2743,270.25,266.4,271.44,265.97,101800,2024-07-08 04:00:00,268.971,273.2308,-0.014647137150466172
2024-07-09,6252854.0,265.2976,267.0,265.44,267.55,263.92,94651,2024-07-09 04:00:00,267.885,273.0364,-0.003603603603603567
2024-07-10,9357588.0,261.7032,259.12,263.0,263.48,258.51,137086,2024-07-10 04:00:00,266.832,272.80600000000004,-0.009192284508740212
2024-07-11,8285977.0,262.1603,262.13,262.55,263.63,260.76,123734,2024-07-11 04:00:00,265.72700000000003,272.6202,-0.0017110266159695575
2024-07-12,6133980.0,265.717,264.34,265.74,267.395,263.66,111250,2024-07-12 04:00:00,265.642,272.56280000000004,0.01215006665397067
2024-07-15,5980473.0,267.6782,265.67,268.45,269.24,265.25,91442,2024-07-15 04:00:00,266.23999999999995,272.5854,0.010197937833972937
2024-07-16,7246026.0,268.9441,268.52,269.25,270.21,267.37,114138,2024-07-16 04:00:00,266.841,272.6182,0.002980070776680943
2024-07-17,5245915.0,271.303,268.44,272.7,272.91,268.24,99732,2024-07-17 04:00:00,267.288,272.7024,0.012813370473537589
2024-07-18,4827002.0,270.1897,272.29,269.15,273.62,268.555,111708,2024-07-18 04:00:00,267.304,272.632,-0.013017968463513108
2024-07-19,6514137.0,266.2537,270.32,265.46,270.95,264.31,101034,2024-07-19 04:00:00,266.814,272.41200000000003,-0.013709827233884475
2024-07-22,4941100.0,266.7861,267.23,267.71,268.4,265.02,118838,2024-07-22 04:00:00,266.945,272.2224,0.008475853235892394
2024-07-23,7677790.0,264.6823,267.53,264.79,267.7,263.86,119218,2024-07-23 04:00:00,266.88,271.94739999999996,-0.010907325090582898
2024-07-24,12938169.0,254.841,256.07,254.17,257.2,253.13,199408,2024-07-24 04:00:00,265.99699999999996,271.416,-0.040107254805695214
2024-07-25,8462778.0,255.2155,255.39,253.74,258.22,252.7,142971,2024-07-25 04:00:00,265.116,270.903,-0.00169178109139545
2024-07-26,6906568.0,259.3625,255.59,259.46,261.2,255.59,115105,2024-07-26 04:00:00,264.488,270.5374,0.022542760305824805
2024-07-29,5735881.0,261.2871,260.32,261.6,262.705,258.58,102958,2024-07-29 04:00:00,263.803,270.1394,0.008247899483542875
2024-07-30,5778102.0,262.8973,263.23,263.1,264.3,261.01,99478,2024-07-30 04:00:00,263.188,269.80460000000005,0.005733944954128489
2024-07-31,7156052.0,265.4603,264.54,265.67,266.36,264.25,111401,2024-07-31 04:00:00,262.485,269.516,0.009768148992778336
2024-08-01,6845391.0,265.3584,266.33,265.93,267.0,264.18,104162,2024-08-01 04:00:00,262.163,269.26379999999995,0.0009786577332779878
2024-08-02,6827751.0,265.5285,263.83,266.58,267.96,262.88,115885,2024-08-02 04:00:00,262.275,269.0764,0.0024442522468317573
2024-08-05,9492080.0,258.3637,261.45,256.44,262.92,254.51,162265,2024-08-05 04:00:00,261.148,268.6936,-0.038037362142696374
2024-08-06,19091364.0,258.557,256.5,258.26,260.49,255.77,135499,2024-08-06 04:00:00,260.495,268.37420000000003,0.0070971767274996544
2024-08-07,10674531.0,257.6357,259.66,256.52,262.03,256.31,97980,2024-08-07 04:00:00,260.73,268.0148,-0.006737396422210162
2024-08-08,8111986.0,259.468,258.13,259.83,260.445,257.92,107564,2024-08-08 04:00:00,261.339,267.7918,0.012903477311710487
2024-08-09,7154274.0,260.1813,259.17,259.76,261.52,259.01,93436,2024-08-09 04:00:00,261.369,267.6098,-0.0002694069199091764
2024-08-12,21944698.0,259.9919,260.5,259.89,261.6,259.24,114114,2024-08-12 04:00:00,261.198,267.3816,0.0005004619648907305
2024-08-13,11829160.0,260.4398,260.13,260.13,261.68,259.27,135561,2024-08-13 04:00:00,260.901,267.135,0.0009234676209166626
2024-08-14,7823084.0,260.7935,260.87,261.14,261.5,258.74,88169,2024-08-14 04:00:00,260.448,266.9502,0.003882674047591461
2024-08-15,6923559.0,265.9978,262.84,266.8,267.39,262.84,90801,2024-08-15 04:00:00,260.535,266.8378,0.021674197748334345
2024-08-16,4777347.0,267.3063,266.85,267.38,268.44,265.39,70540,2024-08-16 04:00:00,260.61499999999995,266.6954,0.0021739130434781373
2024-08-19,5519410.0,266.5491,267.42,266.47,268.3106,265.23,73575,2024-08-19 04:00:00,261.61800000000005,266.48400000000004,-0.003403395915924756
2024-08-20,5482468.0,267.5375,267.0,268.04,268.04,265.78,69026,2024-08-20 04:00:00,262.596,266.27139999999997,0.005891845235861393
2024-08-21,5331195.0,268.2297,268.56,268.2,269.27,267.39,64974,2024-08-21 04:00:00,263.764,266.1346,0.0005969258319653559
2024-08-22,3788589.0,267.6914,268.94,267.94,269.5,266.57,72822,2024-08-22 04:00:00,264.575,266.0,-0.0009694258016405
2024-08-23,3551648.0,267.1458,268.7,267.44,269.21,265.31,68907,2024-08-23 04:00:00,265.34299999999996,265.94239999999996,-0.0018660894230051461
2024-08-26,4021619.0,268.7138,267.72,268.21,270.37,267.67,76654,2024-08-26 04:00:00,266.175,265.8828,0.002879150463655389
2024-08-27,6512380.0,270.1506,268.52,270.72,270.95,267.89,70745,2024-08-27 04:00:00,267.234,265.88399999999996,0.00935833861526425
2024-08-28,5296216.0,269.5655,271.16,269.19,271.98,267.67,74759,2024-08-28 04:00:00,268.039,265.8444,-0.005651595744680993
2024-08-29,5425916.0,274.0683,270.98,274.32,275.99,270.45,85462,2024-08-29 04:00:00,268.79100000000005,265.8584,0.01905717151454356
2024-08-30,5714019.0,275.9631,275.0,276.37,276.99,274.26,79096,2024-08-30 04:00:00,269.69,265.8494,0.007473024205307821
2024-09-03,7150259.0,279.5917,276.37,278.54,282.09,276.37,125315,2024-09-03 04:00:00,270.897,265.9158,0.007851792886347964
2024-09-04,5989712.0,280.5371,278.71,280.49,281.645,278.7,90503,2024-09-04 04:00:00,272.142,265.9996,0.007000789832699139
2024-09-05,6014907.0,278.7238,281.0,278.62,281.5,277.41,91829,2024-09-05 04:00:00,273.184,266.1014,-0.006666904345965952
2024-09-06,7003819.0,279.1133,277.77,279.37,280.28,277.43,92389,2024-09-06 04:00:00,274.327,266.2168,0.002691838346134512
2024-09-09,9215793.0,285.2636,282.09,285.61,286.97,281.65,111876,2024-09-09 04:00:00,276.144,266.5972,0.02233597021870648
2024-09-10,5267465.0,285.0461,285.93,285.34,286.3981,283.57,88634,2024-09-10 04:00:00,277.857,267.0546,-0.00094534505094368
2024-09-11,6009457.0,282.0079,285.02,283.96,285.17,278.3,100638,2024-09-11 04:00:00,279.18100000000004,267.469,-0.004836335599635477
2024-09-12,4068133.0,284.4413,284.0,285.37,286.0,281.47,80553,2024-09-12 04:00:00,280.79900000000004,267.8118,0.004965488096915216
2024-09-13,4869088.0,287.6399,286.49,287.35,288.74,285.55,86036,2024-09-13 04:00:00,282.102,268.17900000000003,0.006938360724673354
2024-09-16,4328894.0,289.9211,288.05,290.48,290.9,287.74,78680,2024-09-16 04:00:00,283.51300000000003,268.5814,0.010892639638071966
2024-09-17,4741638.0,291.8609,290.9,291.56,293.07,290.085,80780,2024-09-17 04:00:00,284.815,269.0846,0.0037179840264389696
2024-09-18,5349960.0,289.2289,291.84,288.48,292.02,288.13,93700,2024-09-18 04:00:00,285.614,269.54540000000003,-0.010563863355741443
2024-09-19,10260210.0,285.7379,291.09,285.24,291.4775,282.87,145673,2024-09-19 04:00:00,286.276,269.9902,-0.011231281198003318
2024-09-20,22817980.0,284.7857,285.5,284.77,287.0,283.25,117016,2024-09-20 04:00:00,286.81600000000003,270.43460000000005,-0.0016477352404993262
2024-09-23,5738408.0,288.0733,284.9,288.63,288.88,284.62,86485,2024-09-23 04:00:00,287.118,270.89239999999995,0.013554798609404228
2024-09-24,13574542.0,275.4867,280.18,272.78,281.0,272.71,212158,2024-09-24 04:00:00,285.86199999999997,270.97900000000004,-0.05491459654228603
2024-09-25,11529374.0,269.8982,274.19,269.63,274.25,268.23,189487,2024-09-25 04:00:00,284.429,270.9866,-0.011547767431629774
2024-09-26,9368825.0,272.006,270.5,271.69,273.24,270.0,132779,2024-09-26 04:00:00,283.061,270.9664,0.0076400993954679475
2024-09-27,6291764.0,276.0958,273.16,275.17,277.98,272.78,116223,2024-09-27 04:00:00,281.84299999999996,271.0868,0.01280871581581966
2024-09-30,5629603.0,274.6653,275.0,274.95,275.69,273.2,89071,2024-09-30 04:00:00,280.29,271.2766,-0.0007995057600757027
2024-10-01,5601206.0,277.0865,276.97,277.6,279.06,274.36,99249,2024-10-01 04:00:00,278.894,271.4744,0.009638116021094767
2024-10-02,4648296.0,276.6128,276.57,277.0,277.64,275.37,79084,2024-10-02 04:00:00,277.746,271.7186,-0.002161383285302687
2024-10-03,2942494.0,276.747,276.67,276.86,277.69,275.84,65444,2024-10-03 04:00:00,276.908,272.17240000000004,-0.0005054151624548364
2024-10-04,4097524.0,276.9573,277.35,277.93,278.44,275.1,74074,2024-10-04 04:00:00,276.224,272.6562,0.003864769197428286
2024-10-07,4160646.0,274.8421,277.6,273.79,277.615,273.24,78302,2024-10-07 04:00:00,274.74,272.9428,-0.014895837081279395
2024-10-08,4240551.0,275.1482,274.71,274.96,276.1,274.01,72975,2024-10-08 04:00:00,274.95799999999997,273.21,0.004273348186566217
2024-10-09,4004169.0,276.4837,275.0,276.93,277.49,274.42,74014,2024-10-09 04:00:00,275.688,273.4866,0.007164678498690735
2024-10-10,3857148.0,276.8554,276.78,277.47,277.67,275.35,75348,2024-10-10 04:00:00,276.266,273.7226,0.0019499512512188844
2024-10-11,4556644.0,277.4615,276.04,277.84,278.8,275.37,73187,2024-10-11 04:00:00,276.533,273.9608,0.0013334774930622295
2024-10-14,3923809.0,280.2092,279.08,280.68,281.3699,277.99,67478,2024-10-14 04:00:00,277.106,274.24280000000005,0.010221710336884682
2024-10-15,5677430.0,280.3696,281.0,279.29,282.64,278.83,100473,2024-10-15 04:00:00,277.275,274.6998,-0.004952258800057008
2024-10-16,8868594.0,285.4561,278.62,287.52,287.6,278.35,124920,2024-10-16 04:00:00,278.327,275.285,0.029467578502631486
2024-10-17,8153886.0,289.8943,288.57,290.39,290.93,287.61,114254,2024-10-17 04:00:00,279.67999999999995,275.9624,0.00998191430161377
2024-10-18,5136373.0,290.1316,289.92,290.62,291.04,288.08,83102,2024-10-18 04:00:00,280.949,276.5782,0.0007920382933297443
2024-10-21,5354591.0,287.4904,289.6,286.85,290.44,286.33,76301,2024-10-21 04:00:00,282.255,277.12,-0.012972266189525739
2024-10-22,5122681.0,285.1104,285.05,284.79,286.53,283.53,81626,2024-10-22 04:00:00,283.238,277.618,-0.007181453721457176
2024-10-23,5116220.0,284.4307,286.04,283.76,286.055,283.53,81108,2024-10-23 04:00:00,283.921,278.0906,-0.003616700024579589
2024-10-24,4554509.0,283.0454,282.39,283.22,283.62,281.73,76818,2024-10-24 04:00:00,284.496,278.5322,-0.001903016633774901
2024-10-25,4054127.0,282.2264,284.0,281.73,285.09,280.7801,76660,2024-10-25 04:00:00,284.885,278.8308,-0.005260927900571977
2024-10-28,4118591.0,283.8884,282.04,284.19,284.64,281.53,76423,2024-10-28 04:00:00,285.236,279.167,0.008731764455329527
2024-10-29,7266414.0,283.4667,284.27,281.88,285.7,281.35,122869,2024-10-29 04:00:00,285.495,279.47520000000003,-0.0081283648263486
2024-10-30,9316411.0,291.3141,292.34,290.16,295.78,288.33,138706,2024-10-30 04:00:00,285.759,279.9176,0.02937420178799499
2024-10-31,7552018.0,291.5472,292.09,289.85,296.34,289.621,125213,2024-10-31 04:00:00,285.70500000000004,280.3506,-0.0010683760683760646
2024-11-01,5051671.0,290.7306,288.49,290.74,292.67,287.19,91957,2024-11-01 04:00:00,285.717,280.8066,0.003070553734690229
2024-11-04,4150698.0,291.789,291.55,291.85,293.15,290.76,84525,2024-11-04 05:00:00,286.217,281.2948,0.003817844121895897
2024-11-05,3439479.0,293.3919,291.71,293.29,294.78,291.58,78006,2024-11-05 05:00:00,287.067,281.7964,0.004934041459653926
2024-11-06,9930119.0,305.8811,306.32,307.4,309.0,302.8201,171075,2024-11-06 05:00:00,289.431,282.53,0.04810937979474228
2024-11-07,6001997.0,305.8598,307.5,305.8,307.63,304.42,103390,2024-11-07 05:00:00,291.689,283.2622,-0.005204944697462466
2024-11-08,6068145.0,309.0933,306.89,307.87,311.15,305.69,105449,2024-11-08 05:00:00,294.303,283.9332,0.006769130150425129
2024-11-11,4565223.0,310.994,310.09,310.92,312.44,309.3,87950,2024-11-11 05:00:00,296.976,284.6242,0.00990677883522273
2024-11-12,4459893.0,309.4601,309.04,309.85,310.55,308.11,86485,2024-11-12 05:00:00,299.773,285.2504,-0.003441399716968996
2024-11-13,3878779.0,309.4709,309.49,309.48,310.9485,307.84,84365,2024-11-13 05:00:00,301.70500000000004,285.8302,-0.0011941261900919597
2024-11-14,4215382.0,309.0263,309.3,308.25,311.29,307.83,79900,2024-11-14 05:00:00,303.545,286.4228,-0.003974408685537112
2024-11-15,4822060.0,309.2839,307.56,309.64,310.72,306.66,88749,2024-11-15 05:00:00,305.435,287.02819999999997,0.004509326845093309
2024-11-18,4400663.0,311.3667,309.48,312.16,312.41,308.7,88628,2024-11-18 05:00:00,307.466,287.55920000000003,0.008138483400077723
2024-11-19,4751969.0,311.1183,310.0,311.85,312.23,308.51,83856,2024-11-19 05:00:00,309.322,288.0894,-0.0009930804715531094
2024-11-20,6013315.0,307.9556,311.86,307.39,312.29,306.22,95134,2024-11-20 05:00:00,309.321,288.558,-0.014301747635081075
2024-11-21,5554898.0,309.5771,307.3,309.9,310.92,306.65,97196,2024-11-21 05:00:00,309.731,289.0486,0.008165522625980026
2024-11-22,5683129.0,309.5345,307.97,309.92,311.59,307.9,90981,2024-11-22 05:00:00,309.93600000000004,289.5,6.453694740260474e-05
2024-11-25,12953780.0,312.6633,311.86,313.19,313.66,309.86,115023,2024-11-25 05:00:00,310.163,289.9542,0.010551109963861549
2024-11-26,6909698.0,312.3364,314.2,311.82,314.5,311.54,87311,2024-11-26 05:00:00,310.36,290.3594,-0.0043743414540694525
2024-11-27,5101123.0,314.5896,310.77,314.7,316.37,309.49,89780,2024-11-27 05:00:00,310.88199999999995,290.8838,0.009236097748701155
2024-11-29,3525174.0,315.0198,314.29,315.08,316.25,313.7,62208,2024-11-29 05:00:00,311.565,291.48060000000004,0.0012074992055925993
2024-12-02,5227005.0,315.911,316.9,316.65,317.42,313.71,94488,2024-12-02 05:00:00,312.26599999999996,292.1182,0.004982861495493207
2024-12-03,4717767.0,314.0345,317.1,313.01,317.32,312.77,92437,2024-12-03 05:00:00,312.351,292.60580000000004,-0.011495341860097819
2024-12-04,5525744.0,310.0455,312.42,309.9,312.85,308.8,104707,2024-12-04 05:00:00,312.156,293.3482,-0.009935784799207759
2024-12-05,5097114.0,309.68,309.98,309.08,311.09,308.83,87993,2024-12-05 05:00:00,312.325,294.1372,-0.0026460148434979125
2024-12-06,4147811.0,311.1942,308.87,311.01,312.56,308.8,82673,2024-12-06 05:00:00,312.436,294.9236,0.006244338035460206
2024-12-09,5154924.0,309.4715,311.83,308.3,313.01,307.64,98898,2024-12-09 05:00:00,312.274,295.58619999999996,-0.008713546188225396
